DATAFLOW,LAST UPDATE,freq,unit,geo,TIME_PERIOD,OBS_VALUE,OBS_FLAG
ESTAT:ROAD_EQS_CARHAB(1.0),26/11/24 23:00:00,Annual,Number,Albania,2000,38,
ESTAT:ROAD_EQS_CARHAB(1.0),26/11/24 23:00:00,Annual,Number,Albania,2001,44,
ESTAT:ROAD_EQS_CARHAB(1.0),26/11/24 23:00:00,Annual,Number,Albania,2002,49,
ESTAT:ROAD_EQS_CARHAB(1.0),26/11/24 23:00:00,Annual,Number,Albania,2013,118,
ESTAT:ROAD_EQS_CARHAB(1.0),26/11/24 23:00:00,Annual,Number,Albania,2014,131,
ESTAT:ROAD_EQS_CARHAB(1.0),26/11/24 23:00:00,Annual,Number,Albania,2015,140,
ESTAT:ROAD_EQS_CARHAB(1.0),26/11/24 23:00:00,Annual,Number,Albania,2016,151,
ESTAT:ROAD_EQS_CARHAB(1.0),26/11/24 23:00:00,Annual,Number,Albania,2017,145,
ESTAT:ROAD_EQS_CARHAB(1.0),26/11/24 23:00:00,Annual,Number,Albania,2018,161,
ESTAT:ROAD_EQS_CARHAB(1.0),26/11/24 23:00:00,Annual,Number,Albania,2019,176,
ESTAT:ROAD_EQS_CARHAB(1.0),26/11/24 23:00:00,Annual,Number,Albania,2020,191,
ESTAT:ROAD_EQS_CARHAB(1.0),26/11/24 23:00:00,Annual,Number,Albania,2021,212,
ESTAT:ROAD_EQS_CARHAB(1.0),26/11/24 23:00:00,Annual,Number,Albania,2022,232,
ESTAT:ROAD_EQS_CARHAB(1.0),26/11/24 23:00:00,Annual,Number,Albania,2023,253,s
ESTAT:ROAD_EQS_CARHAB(1.0),26/11/24 23:00:00,Annual,Number,Austria,1990,388,
ESTAT:ROAD_EQS_CARHAB(1.0),26/11/24 23:00:00,Annual,Number,Austria,1991,397,
ESTAT:ROAD_EQS_CARHAB(1.0),26/11/24 23:00:00,Annual,Number,Austria,1992,412,
ESTAT:ROAD_EQS_CARHAB(1.0),26/11/24 23:00:00,Annual,Number,Austria,1993,425,
ESTAT:ROAD_EQS_CARHAB(1.0),26/11/24 23:00:00,Annual,Number,Austria,1994,438,
ESTAT:ROAD_EQS_CARHAB(1.0),26/11/24 23:00:00,Annual,Number,Austria,1995,452,
ESTAT:ROAD_EQS_CARHAB(1.0),26/11/24 23:00:00,Annual,Number,Austria,1996,463,
ESTAT:ROAD_EQS_CARHAB(1.0),26/11/24 23:00:00,Annual,Number,Austria,1997,475,
ESTAT:ROAD_EQS_CARHAB(1.0),26/11/24 23:00:00,Annual,Number,Austria,1998,487,
ESTAT:ROAD_EQS_CARHAB(1.0),26/11/24 23:00:00,Annual,Number,Austria,1999,501,
ESTAT:ROAD_EQS_CARHAB(1.0),26/11/24 23:00:00,Annual,Number,Austria,2000,511,
ESTAT:ROAD_EQS_CARHAB(1.0),26/11/24 23:00:00,Annual,Number,Austria,2001,519,
ESTAT:ROAD_EQS_CARHAB(1.0),26/11/24 23:00:00,Annual,Number,Austria,2002,492,b
ESTAT:ROAD_EQS_CARHAB(1.0),26/11/24 23:00:00,Annual,Number,Austria,2003,498,
ESTAT:ROAD_EQS_CARHAB(1.0),26/11/24 23:00:00,Annual,Number,Austria,2004,501,
ESTAT:ROAD_EQS_CARHAB(1.0),26/11/24 23:00:00,Annual,Number,Austria,2005,504,
ESTAT:ROAD_EQS_CARHAB(1.0),26/11/24 23:00:00,Annual,Number,Austria,2006,508,
ESTAT:ROAD_EQS_CARHAB(1.0),26/11/24 23:00:00,Annual,Number,Austria,2007,511,
ESTAT:ROAD_EQS_CARHAB(1.0),26/11/24 23:00:00,Annual,Number,Austria,2008,514,
ESTAT:ROAD_EQS_CARHAB(1.0),26/11/24 23:00:00,Annual,Number,Austria,2009,522,
ESTAT:ROAD_EQS_CARHAB(1.0),26/11/24 23:00:00,Annual,Number,Austria,2010,530,
ESTAT:ROAD_EQS_CARHAB(1.0),26/11/24 23:00:00,Annual,Number,Austria,2011,537,
ESTAT:ROAD_EQS_CARHAB(1.0),26/11/24 23:00:00,Annual,Number,Austria,2012,542,
ESTAT:ROAD_EQS_CARHAB(1.0),26/11/24 23:00:00,Annual,Number,Austria,2013,546,
ESTAT:ROAD_EQS_CARHAB(1.0),26/11/24 23:00:00,Annual,Number,Austria,2014,547,
ESTAT:ROAD_EQS_CARHAB(1.0),26/11/24 23:00:00,Annual,Number,Austria,2015,546,
ESTAT:ROAD_EQS_CARHAB(1.0),26/11/24 23:00:00,Annual,Number,Austria,2016,550,
ESTAT:ROAD_EQS_CARHAB(1.0),26/11/24 23:00:00,Annual,Number,Austria,2017,555,
ESTAT:ROAD_EQS_CARHAB(1.0),26/11/24 23:00:00,Annual,Number,Austria,2018,562,
ESTAT:ROAD_EQS_CARHAB(1.0),26/11/24 23:00:00,Annual,Number,Austria,2019,566,
ESTAT:ROAD_EQS_CARHAB(1.0),26/11/24 23:00:00,Annual,Number,Austria,2020,570,
ESTAT:ROAD_EQS_CARHAB(1.0),26/11/24 23:00:00,Annual,Number,Austria,2021,572,
ESTAT:ROAD_EQS_CARHAB(1.0),26/11/24 23:00:00,Annual,Number,Austria,2022,566,
ESTAT:ROAD_EQS_CARHAB(1.0),26/11/24 23:00:00,Annual,Number,Austria,2023,566,
ESTAT:ROAD_EQS_CARHAB(1.0),26/11/24 23:00:00,Annual,Number,Bosnia and Herzegovina,2010,189,
ESTAT:ROAD_EQS_CARHAB(1.0),26/11/24 23:00:00,Annual,Number,Bosnia and Herzegovina,2011,192,
ESTAT:ROAD_EQS_CARHAB(1.0),26/11/24 23:00:00,Annual,Number,Bosnia and Herzegovina,2012,196,s
ESTAT:ROAD_EQS_CARHAB(1.0),26/11/24 23:00:00,Annual,Number,Bosnia and Herzegovina,2013,202,
ESTAT:ROAD_EQS_CARHAB(1.0),26/11/24 23:00:00,Annual,Number,Bosnia and Herzegovina,2014,209,
ESTAT:ROAD_EQS_CARHAB(1.0),26/11/24 23:00:00,Annual,Number,Bosnia and Herzegovina,2015,235,
ESTAT:ROAD_EQS_CARHAB(1.0),26/11/24 23:00:00,Annual,Number,Bosnia and Herzegovina,2016,245,
ESTAT:ROAD_EQS_CARHAB(1.0),26/11/24 23:00:00,Annual,Number,Bosnia and Herzegovina,2017,252,
ESTAT:ROAD_EQS_CARHAB(1.0),26/11/24 23:00:00,Annual,Number,Bosnia and Herzegovina,2018,263,p
ESTAT:ROAD_EQS_CARHAB(1.0),26/11/24 23:00:00,Annual,Number,Bosnia and Herzegovina,2019,269,ps
ESTAT:ROAD_EQS_CARHAB(1.0),26/11/24 23:00:00,Annual,Number,Bosnia and Herzegovina,2020,268,ps
ESTAT:ROAD_EQS_CARHAB(1.0),26/11/24 23:00:00,Annual,Number,Bosnia and Herzegovina,2021,284,p
ESTAT:ROAD_EQS_CARHAB(1.0),26/11/24 23:00:00,Annual,Number,Bosnia and Herzegovina,2022,292,p
ESTAT:ROAD_EQS_CARHAB(1.0),26/11/24 23:00:00,Annual,Number,Bosnia and Herzegovina,2023,306,p
ESTAT:ROAD_EQS_CARHAB(1.0),26/11/24 23:00:00,Annual,Number,Belgium,1990,387,
ESTAT:ROAD_EQS_CARHAB(1.0),26/11/24 23:00:00,Annual,Number,Belgium,1991,396,
ESTAT:ROAD_EQS_CARHAB(1.0),26/11/24 23:00:00,Annual,Number,Belgium,1992,399,
ESTAT:ROAD_EQS_CARHAB(1.0),26/11/24 23:00:00,Annual,Number,Belgium,1993,407,
ESTAT:ROAD_EQS_CARHAB(1.0),26/11/24 23:00:00,Annual,Number,Belgium,1994,416,
ESTAT:ROAD_EQS_CARHAB(1.0),26/11/24 23:00:00,Annual,Number,Belgium,1995,421,
ESTAT:ROAD_EQS_CARHAB(1.0),26/11/24 23:00:00,Annual,Number,Belgium,1996,427,
ESTAT:ROAD_EQS_CARHAB(1.0),26/11/24 23:00:00,Annual,Number,Belgium,1997,433,
ESTAT:ROAD_EQS_CARHAB(1.0),26/11/24 23:00:00,Annual,Number,Belgium,1998,440,
ESTAT:ROAD_EQS_CARHAB(1.0),26/11/24 23:00:00,Annual,Number,Belgium,1999,448,
ESTAT:ROAD_EQS_CARHAB(1.0),26/11/24 23:00:00,Annual,Number,Belgium,2000,456,
ESTAT:ROAD_EQS_CARHAB(1.0),26/11/24 23:00:00,Annual,Number,Belgium,2001,460,
ESTAT:ROAD_EQS_CARHAB(1.0),26/11/24 23:00:00,Annual,Number,Belgium,2002,462,
ESTAT:ROAD_EQS_CARHAB(1.0),26/11/24 23:00:00,Annual,Number,Belgium,2003,464,
ESTAT:ROAD_EQS_CARHAB(1.0),26/11/24 23:00:00,Annual,Number,Belgium,2004,467,
ESTAT:ROAD_EQS_CARHAB(1.0),26/11/24 23:00:00,Annual,Number,Belgium,2005,468,
ESTAT:ROAD_EQS_CARHAB(1.0),26/11/24 23:00:00,Annual,Number,Belgium,2006,470,
ESTAT:ROAD_EQS_CARHAB(1.0),26/11/24 23:00:00,Annual,Number,Belgium,2007,473,
ESTAT:ROAD_EQS_CARHAB(1.0),26/11/24 23:00:00,Annual,Number,Belgium,2008,477,
ESTAT:ROAD_EQS_CARHAB(1.0),26/11/24 23:00:00,Annual,Number,Belgium,2009,479,
ESTAT:ROAD_EQS_CARHAB(1.0),26/11/24 23:00:00,Annual,Number,Belgium,2010,480,b
ESTAT:ROAD_EQS_CARHAB(1.0),26/11/24 23:00:00,Annual,Number,Belgium,2011,488,b
ESTAT:ROAD_EQS_CARHAB(1.0),26/11/24 23:00:00,Annual,Number,Belgium,2012,489,
ESTAT:ROAD_EQS_CARHAB(1.0),26/11/24 23:00:00,Annual,Number,Belgium,2013,492,
ESTAT:ROAD_EQS_CARHAB(1.0),26/11/24 23:00:00,Annual,Number,Belgium,2014,497,
ESTAT:ROAD_EQS_CARHAB(1.0),26/11/24 23:00:00,Annual,Number,Belgium,2015,501,
ESTAT:ROAD_EQS_CARHAB(1.0),26/11/24 23:00:00,Annual,Number,Belgium,2016,505,
ESTAT:ROAD_EQS_CARHAB(1.0),26/11/24 23:00:00,Annual,Number,Belgium,2017,509,
ESTAT:ROAD_EQS_CARHAB(1.0),26/11/24 23:00:00,Annual,Number,Belgium,2018,511,
ESTAT:ROAD_EQS_CARHAB(1.0),26/11/24 23:00:00,Annual,Number,Belgium,2019,510,
ESTAT:ROAD_EQS_CARHAB(1.0),26/11/24 23:00:00,Annual,Number,Belgium,2020,510,
ESTAT:ROAD_EQS_CARHAB(1.0),26/11/24 23:00:00,Annual,Number,Belgium,2021,510,
ESTAT:ROAD_EQS_CARHAB(1.0),26/11/24 23:00:00,Annual,Number,Belgium,2022,507,
ESTAT:ROAD_EQS_CARHAB(1.0),26/11/24 23:00:00,Annual,Number,Belgium,2023,511,p
ESTAT:ROAD_EQS_CARHAB(1.0),26/11/24 23:00:00,Annual,Number,Bulgaria,1990,152,
ESTAT:ROAD_EQS_CARHAB(1.0),26/11/24 23:00:00,Annual,Number,Bulgaria,1991,158,
ESTAT:ROAD_EQS_CARHAB(1.0),26/11/24 23:00:00,Annual,Number,Bulgaria,1992,166,
ESTAT:ROAD_EQS_CARHAB(1.0),26/11/24 23:00:00,Annual,Number,Bulgaria,1993,178,
ESTAT:ROAD_EQS_CARHAB(1.0),26/11/24 23:00:00,Annual,Number,Bulgaria,1994,188,
ESTAT:ROAD_EQS_CARHAB(1.0),26/11/24 23:00:00,Annual,Number,Bulgaria,1995,197,
ESTAT:ROAD_EQS_CARHAB(1.0),26/11/24 23:00:00,Annual,Number,Bulgaria,1996,205,
ESTAT:ROAD_EQS_CARHAB(1.0),26/11/24 23:00:00,Annual,Number,Bulgaria,1997,209,
ESTAT:ROAD_EQS_CARHAB(1.0),26/11/24 23:00:00,Annual,Number,Bulgaria,1998,220,
ESTAT:ROAD_EQS_CARHAB(1.0),26/11/24 23:00:00,Annual,Number,Bulgaria,1999,233,
ESTAT:ROAD_EQS_CARHAB(1.0),26/11/24 23:00:00,Annual,Number,Bulgaria,2000,245,
ESTAT:ROAD_EQS_CARHAB(1.0),26/11/24 23:00:00,Annual,Number,Bulgaria,2001,265,
ESTAT:ROAD_EQS_CARHAB(1.0),26/11/24 23:00:00,Annual,Number,Bulgaria,2002,279,
ESTAT:ROAD_EQS_CARHAB(1.0),26/11/24 23:00:00,Annual,Number,Bulgaria,2003,298,
ESTAT:ROAD_EQS_CARHAB(1.0),26/11/24 23:00:00,Annual,Number,Bulgaria,2004,317,
ESTAT:ROAD_EQS_CARHAB(1.0),26/11/24 23:00:00,Annual,Number,Bulgaria,2005,333,
ESTAT:ROAD_EQS_CARHAB(1.0),26/11/24 23:00:00,Annual,Number,Bulgaria,2006,233,
ESTAT:ROAD_EQS_CARHAB(1.0),26/11/24 23:00:00,Annual,Number,Bulgaria,2007,277,
ESTAT:ROAD_EQS_CARHAB(1.0),26/11/24 23:00:00,Annual,Number,Bulgaria,2008,317,
ESTAT:ROAD_EQS_CARHAB(1.0),26/11/24 23:00:00,Annual,Number,Bulgaria,2009,337,
ESTAT:ROAD_EQS_CARHAB(1.0),26/11/24 23:00:00,Annual,Number,Bulgaria,2010,353,
ESTAT:ROAD_EQS_CARHAB(1.0),26/11/24 23:00:00,Annual,Number,Bulgaria,2011,368,
ESTAT:ROAD_EQS_CARHAB(1.0),26/11/24 23:00:00,Annual,Number,Bulgaria,2012,385,
ESTAT:ROAD_EQS_CARHAB(1.0),26/11/24 23:00:00,Annual,Number,Bulgaria,2013,409,
ESTAT:ROAD_EQS_CARHAB(1.0),26/11/24 23:00:00,Annual,Number,Bulgaria,2014,429,
ESTAT:ROAD_EQS_CARHAB(1.0),26/11/24 23:00:00,Annual,Number,Bulgaria,2015,456,
ESTAT:ROAD_EQS_CARHAB(1.0),26/11/24 23:00:00,Annual,Number,Bulgaria,2016,459,
ESTAT:ROAD_EQS_CARHAB(1.0),26/11/24 23:00:00,Annual,Number,Bulgaria,2017,410,
ESTAT:ROAD_EQS_CARHAB(1.0),26/11/24 23:00:00,Annual,Number,Bulgaria,2018,416,
ESTAT:ROAD_EQS_CARHAB(1.0),26/11/24 23:00:00,Annual,Number,Bulgaria,2019,431,
ESTAT:ROAD_EQS_CARHAB(1.0),26/11/24 23:00:00,Annual,Number,Bulgaria,2020,439,
ESTAT:ROAD_EQS_CARHAB(1.0),26/11/24 23:00:00,Annual,Number,Bulgaria,2021,437,
ESTAT:ROAD_EQS_CARHAB(1.0),26/11/24 23:00:00,Annual,Number,Bulgaria,2022,449,
ESTAT:ROAD_EQS_CARHAB(1.0),26/11/24 23:00:00,Annual,Number,Bulgaria,2023,466,
ESTAT:ROAD_EQS_CARHAB(1.0),26/11/24 23:00:00,Annual,Number,Switzerland,1991,447,
ESTAT:ROAD_EQS_CARHAB(1.0),26/11/24 23:00:00,Annual,Number,Switzerland,1992,447,
ESTAT:ROAD_EQS_CARHAB(1.0),26/11/24 23:00:00,Annual,Number,Switzerland,1993,446,
ESTAT:ROAD_EQS_CARHAB(1.0),26/11/24 23:00:00,Annual,Number,Switzerland,1994,451,
ESTAT:ROAD_EQS_CARHAB(1.0),26/11/24 23:00:00,Annual,Number,Switzerland,1995,457,
ESTAT:ROAD_EQS_CARHAB(1.0),26/11/24 23:00:00,Annual,Number,Switzerland,1996,461,
ESTAT:ROAD_EQS_CARHAB(1.0),26/11/24 23:00:00,Annual,Number,Switzerland,1997,468,
ESTAT:ROAD_EQS_CARHAB(1.0),26/11/24 23:00:00,Annual,Number,Switzerland,1998,475,
ESTAT:ROAD_EQS_CARHAB(1.0),26/11/24 23:00:00,Annual,Number,Switzerland,1999,484,
ESTAT:ROAD_EQS_CARHAB(1.0),26/11/24 23:00:00,Annual,Number,Switzerland,2000,492,
ESTAT:ROAD_EQS_CARHAB(1.0),26/11/24 23:00:00,Annual,Number,Switzerland,2001,500,
ESTAT:ROAD_EQS_CARHAB(1.0),26/11/24 23:00:00,Annual,Number,Switzerland,2002,506,
ESTAT:ROAD_EQS_CARHAB(1.0),26/11/24 23:00:00,Annual,Number,Switzerland,2003,510,
ESTAT:ROAD_EQS_CARHAB(1.0),26/11/24 23:00:00,Annual,Number,Switzerland,2004,514,
ESTAT:ROAD_EQS_CARHAB(1.0),26/11/24 23:00:00,Annual,Number,Switzerland,2005,518,
ESTAT:ROAD_EQS_CARHAB(1.0),26/11/24 23:00:00,Annual,Number,Switzerland,2006,519,e
ESTAT:ROAD_EQS_CARHAB(1.0),26/11/24 23:00:00,Annual,Number,Switzerland,2007,521,e
ESTAT:ROAD_EQS_CARHAB(1.0),26/11/24 23:00:00,Annual,Number,Switzerland,2008,518,e
ESTAT:ROAD_EQS_CARHAB(1.0),26/11/24 23:00:00,Annual,Number,Switzerland,2009,515,e
ESTAT:ROAD_EQS_CARHAB(1.0),26/11/24 23:00:00,Annual,Number,Switzerland,2010,518,be
ESTAT:ROAD_EQS_CARHAB(1.0),26/11/24 23:00:00,Annual,Number,Switzerland,2011,523,e
ESTAT:ROAD_EQS_CARHAB(1.0),26/11/24 23:00:00,Annual,Number,Switzerland,2012,529,e
ESTAT:ROAD_EQS_CARHAB(1.0),26/11/24 23:00:00,Annual,Number,Switzerland,2013,536,
ESTAT:ROAD_EQS_CARHAB(1.0),26/11/24 23:00:00,Annual,Number,Switzerland,2014,538,
ESTAT:ROAD_EQS_CARHAB(1.0),26/11/24 23:00:00,Annual,Number,Switzerland,2015,541,
ESTAT:ROAD_EQS_CARHAB(1.0),26/11/24 23:00:00,Annual,Number,Switzerland,2016,544,
ESTAT:ROAD_EQS_CARHAB(1.0),26/11/24 23:00:00,Annual,Number,Switzerland,2017,546,
ESTAT:ROAD_EQS_CARHAB(1.0),26/11/24 23:00:00,Annual,Number,Switzerland,2018,546,
ESTAT:ROAD_EQS_CARHAB(1.0),26/11/24 23:00:00,Annual,Number,Switzerland,2019,545,
ESTAT:ROAD_EQS_CARHAB(1.0),26/11/24 23:00:00,Annual,Number,Switzerland,2020,546,
ESTAT:ROAD_EQS_CARHAB(1.0),26/11/24 23:00:00,Annual,Number,Switzerland,2021,549,
ESTAT:ROAD_EQS_CARHAB(1.0),26/11/24 23:00:00,Annual,Number,Switzerland,2022,546,
ESTAT:ROAD_EQS_CARHAB(1.0),26/11/24 23:00:00,Annual,Number,Switzerland,2023,543,p
ESTAT:ROAD_EQS_CARHAB(1.0),26/11/24 23:00:00,Annual,Number,Cyprus,1990,305,
ESTAT:ROAD_EQS_CARHAB(1.0),26/11/24 23:00:00,Annual,Number,Cyprus,1991,315,
ESTAT:ROAD_EQS_CARHAB(1.0),26/11/24 23:00:00,Annual,Number,Cyprus,1992,320,
ESTAT:ROAD_EQS_CARHAB(1.0),26/11/24 23:00:00,Annual,Number,Cyprus,1993,321,
ESTAT:ROAD_EQS_CARHAB(1.0),26/11/24 23:00:00,Annual,Number,Cyprus,1994,325,
ESTAT:ROAD_EQS_CARHAB(1.0),26/11/24 23:00:00,Annual,Number,Cyprus,1995,335,
ESTAT:ROAD_EQS_CARHAB(1.0),26/11/24 23:00:00,Annual,Number,Cyprus,1996,341,
ESTAT:ROAD_EQS_CARHAB(1.0),26/11/24 23:00:00,Annual,Number,Cyprus,1997,348,
ESTAT:ROAD_EQS_CARHAB(1.0),26/11/24 23:00:00,Annual,Number,Cyprus,1998,365,
ESTAT:ROAD_EQS_CARHAB(1.0),26/11/24 23:00:00,Annual,Number,Cyprus,1999,372,
ESTAT:ROAD_EQS_CARHAB(1.0),26/11/24 23:00:00,Annual,Number,Cyprus,2000,384,
ESTAT:ROAD_EQS_CARHAB(1.0),26/11/24 23:00:00,Annual,Number,Cyprus,2001,397,
ESTAT:ROAD_EQS_CARHAB(1.0),26/11/24 23:00:00,Annual,Number,Cyprus,2002,404,
ESTAT:ROAD_EQS_CARHAB(1.0),26/11/24 23:00:00,Annual,Number,Cyprus,2003,419,
ESTAT:ROAD_EQS_CARHAB(1.0),26/11/24 23:00:00,Annual,Number,Cyprus,2004,458,
ESTAT:ROAD_EQS_CARHAB(1.0),26/11/24 23:00:00,Annual,Number,Cyprus,2005,477,
ESTAT:ROAD_EQS_CARHAB(1.0),26/11/24 23:00:00,Annual,Number,Cyprus,2006,492,
ESTAT:ROAD_EQS_CARHAB(1.0),26/11/24 23:00:00,Annual,Number,Cyprus,2007,529,
ESTAT:ROAD_EQS_CARHAB(1.0),26/11/24 23:00:00,Annual,Number,Cyprus,2008,557,
ESTAT:ROAD_EQS_CARHAB(1.0),26/11/24 23:00:00,Annual,Number,Cyprus,2009,563,
ESTAT:ROAD_EQS_CARHAB(1.0),26/11/24 23:00:00,Annual,Number,Cyprus,2010,551,
ESTAT:ROAD_EQS_CARHAB(1.0),26/11/24 23:00:00,Annual,Number,Cyprus,2011,545,
ESTAT:ROAD_EQS_CARHAB(1.0),26/11/24 23:00:00,Annual,Number,Cyprus,2012,549,
ESTAT:ROAD_EQS_CARHAB(1.0),26/11/24 23:00:00,Annual,Number,Cyprus,2013,553,
ESTAT:ROAD_EQS_CARHAB(1.0),26/11/24 23:00:00,Annual,Number,Cyprus,2014,565,
ESTAT:ROAD_EQS_CARHAB(1.0),26/11/24 23:00:00,Annual,Number,Cyprus,2015,575,
ESTAT:ROAD_EQS_CARHAB(1.0),26/11/24 23:00:00,Annual,Number,Cyprus,2016,595,
ESTAT:ROAD_EQS_CARHAB(1.0),26/11/24 23:00:00,Annual,Number,Cyprus,2017,609,
ESTAT:ROAD_EQS_CARHAB(1.0),26/11/24 23:00:00,Annual,Number,Cyprus,2018,629,
ESTAT:ROAD_EQS_CARHAB(1.0),26/11/24 23:00:00,Annual,Number,Cyprus,2019,645,
ESTAT:ROAD_EQS_CARHAB(1.0),26/11/24 23:00:00,Annual,Number,Cyprus,2020,645,
ESTAT:ROAD_EQS_CARHAB(1.0),26/11/24 23:00:00,Annual,Number,Cyprus,2021,655,
ESTAT:ROAD_EQS_CARHAB(1.0),26/11/24 23:00:00,Annual,Number,Cyprus,2022,653,
ESTAT:ROAD_EQS_CARHAB(1.0),26/11/24 23:00:00,Annual,Number,Cyprus,2023,665,ps
ESTAT:ROAD_EQS_CARHAB(1.0),26/11/24 23:00:00,Annual,Number,Czechia,1990,234,
ESTAT:ROAD_EQS_CARHAB(1.0),26/11/24 23:00:00,Annual,Number,Czechia,1993,274,
ESTAT:ROAD_EQS_CARHAB(1.0),26/11/24 23:00:00,Annual,Number,Czechia,1994,283,
ESTAT:ROAD_EQS_CARHAB(1.0),26/11/24 23:00:00,Annual,Number,Czechia,1995,295,
ESTAT:ROAD_EQS_CARHAB(1.0),26/11/24 23:00:00,Annual,Number,Czechia,1996,310,
ESTAT:ROAD_EQS_CARHAB(1.0),26/11/24 23:00:00,Annual,Number,Czechia,1997,329,
ESTAT:ROAD_EQS_CARHAB(1.0),26/11/24 23:00:00,Annual,Number,Czechia,1998,339,
ESTAT:ROAD_EQS_CARHAB(1.0),26/11/24 23:00:00,Annual,Number,Czechia,1999,335,
ESTAT:ROAD_EQS_CARHAB(1.0),26/11/24 23:00:00,Annual,Number,Czechia,2000,336,
ESTAT:ROAD_EQS_CARHAB(1.0),26/11/24 23:00:00,Annual,Number,Czechia,2001,346,
ESTAT:ROAD_EQS_CARHAB(1.0),26/11/24 23:00:00,Annual,Number,Czechia,2002,358,
ESTAT:ROAD_EQS_CARHAB(1.0),26/11/24 23:00:00,Annual,Number,Czechia,2003,364,
ESTAT:ROAD_EQS_CARHAB(1.0),26/11/24 23:00:00,Annual,Number,Czechia,2004,374,
ESTAT:ROAD_EQS_CARHAB(1.0),26/11/24 23:00:00,Annual,Number,Czechia,2005,387,
ESTAT:ROAD_EQS_CARHAB(1.0),26/11/24 23:00:00,Annual,Number,Czechia,2006,401,
ESTAT:ROAD_EQS_CARHAB(1.0),26/11/24 23:00:00,Annual,Number,Czechia,2007,414,
ESTAT:ROAD_EQS_CARHAB(1.0),26/11/24 23:00:00,Annual,Number,Czechia,2008,424,
ESTAT:ROAD_EQS_CARHAB(1.0),26/11/24 23:00:00,Annual,Number,Czechia,2009,424,
ESTAT:ROAD_EQS_CARHAB(1.0),26/11/24 23:00:00,Annual,Number,Czechia,2010,429,
ESTAT:ROAD_EQS_CARHAB(1.0),26/11/24 23:00:00,Annual,Number,Czechia,2011,436,
ESTAT:ROAD_EQS_CARHAB(1.0),26/11/24 23:00:00,Annual,Number,Czechia,2012,448,
ESTAT:ROAD_EQS_CARHAB(1.0),26/11/24 23:00:00,Annual,Number,Czechia,2013,450,
ESTAT:ROAD_EQS_CARHAB(1.0),26/11/24 23:00:00,Annual,Number,Czechia,2014,459,
ESTAT:ROAD_EQS_CARHAB(1.0),26/11/24 23:00:00,Annual,Number,Czechia,2015,485,
ESTAT:ROAD_EQS_CARHAB(1.0),26/11/24 23:00:00,Annual,Number,Czechia,2016,502,
ESTAT:ROAD_EQS_CARHAB(1.0),26/11/24 23:00:00,Annual,Number,Czechia,2017,522,
ESTAT:ROAD_EQS_CARHAB(1.0),26/11/24 23:00:00,Annual,Number,Czechia,2018,540,
ESTAT:ROAD_EQS_CARHAB(1.0),26/11/24 23:00:00,Annual,Number,Czechia,2019,554,
ESTAT:ROAD_EQS_CARHAB(1.0),26/11/24 23:00:00,Annual,Number,Czechia,2020,576,b
ESTAT:ROAD_EQS_CARHAB(1.0),26/11/24 23:00:00,Annual,Number,Czechia,2021,579,b
ESTAT:ROAD_EQS_CARHAB(1.0),26/11/24 23:00:00,Annual,Number,Czechia,2022,582,
ESTAT:ROAD_EQS_CARHAB(1.0),26/11/24 23:00:00,Annual,Number,Czechia,2023,597,
ESTAT:ROAD_EQS_CARHAB(1.0),26/11/24 23:00:00,Annual,Number,Germany,1990,385,
ESTAT:ROAD_EQS_CARHAB(1.0),26/11/24 23:00:00,Annual,Number,Germany,1991,390,
ESTAT:ROAD_EQS_CARHAB(1.0),26/11/24 23:00:00,Annual,Number,Germany,1992,445,
ESTAT:ROAD_EQS_CARHAB(1.0),26/11/24 23:00:00,Annual,Number,Germany,1993,477,
ESTAT:ROAD_EQS_CARHAB(1.0),26/11/24 23:00:00,Annual,Number,Germany,1994,488,
ESTAT:ROAD_EQS_CARHAB(1.0),26/11/24 23:00:00,Annual,Number,Germany,1995,494,
ESTAT:ROAD_EQS_CARHAB(1.0),26/11/24 23:00:00,Annual,Number,Germany,1996,500,
ESTAT:ROAD_EQS_CARHAB(1.0),26/11/24 23:00:00,Annual,Number,Germany,1997,504,
ESTAT:ROAD_EQS_CARHAB(1.0),26/11/24 23:00:00,Annual,Number,Germany,1998,508,
ESTAT:ROAD_EQS_CARHAB(1.0),26/11/24 23:00:00,Annual,Number,Germany,1999,515,
ESTAT:ROAD_EQS_CARHAB(1.0),26/11/24 23:00:00,Annual,Number,Germany,2000,532,b
ESTAT:ROAD_EQS_CARHAB(1.0),26/11/24 23:00:00,Annual,Number,Germany,2001,538,
ESTAT:ROAD_EQS_CARHAB(1.0),26/11/24 23:00:00,Annual,Number,Germany,2002,541,
ESTAT:ROAD_EQS_CARHAB(1.0),26/11/24 23:00:00,Annual,Number,Germany,2003,546,
ESTAT:ROAD_EQS_CARHAB(1.0),26/11/24 23:00:00,Annual,Number,Germany,2004,550,
ESTAT:ROAD_EQS_CARHAB(1.0),26/11/24 23:00:00,Annual,Number,Germany,2005,559,
ESTAT:ROAD_EQS_CARHAB(1.0),26/11/24 23:00:00,Annual,Number,Germany,2006,566,
ESTAT:ROAD_EQS_CARHAB(1.0),26/11/24 23:00:00,Annual,Number,Germany,2007,501,b
ESTAT:ROAD_EQS_CARHAB(1.0),26/11/24 23:00:00,Annual,Number,Germany,2008,504,
ESTAT:ROAD_EQS_CARHAB(1.0),26/11/24 23:00:00,Annual,Number,Germany,2009,510,
ESTAT:ROAD_EQS_CARHAB(1.0),26/11/24 23:00:00,Annual,Number,Germany,2010,527,b
ESTAT:ROAD_EQS_CARHAB(1.0),26/11/24 23:00:00,Annual,Number,Germany,2011,534,
ESTAT:ROAD_EQS_CARHAB(1.0),26/11/24 23:00:00,Annual,Number,Germany,2012,539,
ESTAT:ROAD_EQS_CARHAB(1.0),26/11/24 23:00:00,Annual,Number,Germany,2013,543,
ESTAT:ROAD_EQS_CARHAB(1.0),26/11/24 23:00:00,Annual,Number,Germany,2014,547,
ESTAT:ROAD_EQS_CARHAB(1.0),26/11/24 23:00:00,Annual,Number,Germany,2015,548,
ESTAT:ROAD_EQS_CARHAB(1.0),26/11/24 23:00:00,Annual,Number,Germany,2016,555,
ESTAT:ROAD_EQS_CARHAB(1.0),26/11/24 23:00:00,Annual,Number,Germany,2017,561,
ESTAT:ROAD_EQS_CARHAB(1.0),26/11/24 23:00:00,Annual,Number,Germany,2018,567,
ESTAT:ROAD_EQS_CARHAB(1.0),26/11/24 23:00:00,Annual,Number,Germany,2019,574,
ESTAT:ROAD_EQS_CARHAB(1.0),26/11/24 23:00:00,Annual,Number,Germany,2020,580,
ESTAT:ROAD_EQS_CARHAB(1.0),26/11/24 23:00:00,Annual,Number,Germany,2021,583,
ESTAT:ROAD_EQS_CARHAB(1.0),26/11/24 23:00:00,Annual,Number,Germany,2022,578,
ESTAT:ROAD_EQS_CARHAB(1.0),26/11/24 23:00:00,Annual,Number,Germany,2023,588,ep
ESTAT:ROAD_EQS_CARHAB(1.0),26/11/24 23:00:00,Annual,Number,Denmark,1990,309,
ESTAT:ROAD_EQS_CARHAB(1.0),26/11/24 23:00:00,Annual,Number,Denmark,1991,309,
ESTAT:ROAD_EQS_CARHAB(1.0),26/11/24 23:00:00,Annual,Number,Denmark,1992,310,
ESTAT:ROAD_EQS_CARHAB(1.0),26/11/24 23:00:00,Annual,Number,Denmark,1993,309,
ESTAT:ROAD_EQS_CARHAB(1.0),26/11/24 23:00:00,Annual,Number,Denmark,1994,310,
ESTAT:ROAD_EQS_CARHAB(1.0),26/11/24 23:00:00,Annual,Number,Denmark,1995,307,
ESTAT:ROAD_EQS_CARHAB(1.0),26/11/24 23:00:00,Annual,Number,Denmark,1996,318,
ESTAT:ROAD_EQS_CARHAB(1.0),26/11/24 23:00:00,Annual,Number,Denmark,1997,328,
ESTAT:ROAD_EQS_CARHAB(1.0),26/11/24 23:00:00,Annual,Number,Denmark,1998,336,
ESTAT:ROAD_EQS_CARHAB(1.0),26/11/24 23:00:00,Annual,Number,Denmark,1999,341,
ESTAT:ROAD_EQS_CARHAB(1.0),26/11/24 23:00:00,Annual,Number,Denmark,2000,345,
ESTAT:ROAD_EQS_CARHAB(1.0),26/11/24 23:00:00,Annual,Number,Denmark,2001,345,
ESTAT:ROAD_EQS_CARHAB(1.0),26/11/24 23:00:00,Annual,Number,Denmark,2002,348,
ESTAT:ROAD_EQS_CARHAB(1.0),26/11/24 23:00:00,Annual,Number,Denmark,2003,350,
ESTAT:ROAD_EQS_CARHAB(1.0),26/11/24 23:00:00,Annual,Number,Denmark,2004,350,
ESTAT:ROAD_EQS_CARHAB(1.0),26/11/24 23:00:00,Annual,Number,Denmark,2005,353,
ESTAT:ROAD_EQS_CARHAB(1.0),26/11/24 23:00:00,Annual,Number,Denmark,2006,361,
ESTAT:ROAD_EQS_CARHAB(1.0),26/11/24 23:00:00,Annual,Number,Denmark,2007,369,
ESTAT:ROAD_EQS_CARHAB(1.0),26/11/24 23:00:00,Annual,Number,Denmark,2008,375,
ESTAT:ROAD_EQS_CARHAB(1.0),26/11/24 23:00:00,Annual,Number,Denmark,2009,379,
ESTAT:ROAD_EQS_CARHAB(1.0),26/11/24 23:00:00,Annual,Number,Denmark,2010,381,
ESTAT:ROAD_EQS_CARHAB(1.0),26/11/24 23:00:00,Annual,Number,Denmark,2011,394,
ESTAT:ROAD_EQS_CARHAB(1.0),26/11/24 23:00:00,Annual,Number,Denmark,2012,399,
ESTAT:ROAD_EQS_CARHAB(1.0),26/11/24 23:00:00,Annual,Number,Denmark,2013,405,
ESTAT:ROAD_EQS_CARHAB(1.0),26/11/24 23:00:00,Annual,Number,Denmark,2014,410,
ESTAT:ROAD_EQS_CARHAB(1.0),26/11/24 23:00:00,Annual,Number,Denmark,2015,419,
ESTAT:ROAD_EQS_CARHAB(1.0),26/11/24 23:00:00,Annual,Number,Denmark,2016,429,
ESTAT:ROAD_EQS_CARHAB(1.0),26/11/24 23:00:00,Annual,Number,Denmark,2017,438,
ESTAT:ROAD_EQS_CARHAB(1.0),26/11/24 23:00:00,Annual,Number,Denmark,2018,447,
ESTAT:ROAD_EQS_CARHAB(1.0),26/11/24 23:00:00,Annual,Number,Denmark,2019,455,
ESTAT:ROAD_EQS_CARHAB(1.0),26/11/24 23:00:00,Annual,Number,Denmark,2020,466,
ESTAT:ROAD_EQS_CARHAB(1.0),26/11/24 23:00:00,Annual,Number,Denmark,2021,475,
ESTAT:ROAD_EQS_CARHAB(1.0),26/11/24 23:00:00,Annual,Number,Denmark,2022,472,
ESTAT:ROAD_EQS_CARHAB(1.0),26/11/24 23:00:00,Annual,Number,Denmark,2023,474,
ESTAT:ROAD_EQS_CARHAB(1.0),26/11/24 23:00:00,Annual,Number,Estonia,1990,154,
ESTAT:ROAD_EQS_CARHAB(1.0),26/11/24 23:00:00,Annual,Number,Estonia,1992,188,
ESTAT:ROAD_EQS_CARHAB(1.0),26/11/24 23:00:00,Annual,Number,Estonia,1993,215,
ESTAT:ROAD_EQS_CARHAB(1.0),26/11/24 23:00:00,Annual,Number,Estonia,1994,233,
ESTAT:ROAD_EQS_CARHAB(1.0),26/11/24 23:00:00,Annual,Number,Estonia,1995,269,
ESTAT:ROAD_EQS_CARHAB(1.0),26/11/24 23:00:00,Annual,Number,Estonia,1996,289,
ESTAT:ROAD_EQS_CARHAB(1.0),26/11/24 23:00:00,Annual,Number,Estonia,1997,307,
ESTAT:ROAD_EQS_CARHAB(1.0),26/11/24 23:00:00,Annual,Number,Estonia,1998,327,
ESTAT:ROAD_EQS_CARHAB(1.0),26/11/24 23:00:00,Annual,Number,Estonia,1999,327,
ESTAT:ROAD_EQS_CARHAB(1.0),26/11/24 23:00:00,Annual,Number,Estonia,2000,333,
ESTAT:ROAD_EQS_CARHAB(1.0),26/11/24 23:00:00,Annual,Number,Estonia,2001,294,
ESTAT:ROAD_EQS_CARHAB(1.0),26/11/24 23:00:00,Annual,Number,Estonia,2002,291,
ESTAT:ROAD_EQS_CARHAB(1.0),26/11/24 23:00:00,Annual,Number,Estonia,2003,318,
ESTAT:ROAD_EQS_CARHAB(1.0),26/11/24 23:00:00,Annual,Number,Estonia,2004,347,
ESTAT:ROAD_EQS_CARHAB(1.0),26/11/24 23:00:00,Annual,Number,Estonia,2005,366,
ESTAT:ROAD_EQS_CARHAB(1.0),26/11/24 23:00:00,Annual,Number,Estonia,2006,413,
ESTAT:ROAD_EQS_CARHAB(1.0),26/11/24 23:00:00,Annual,Number,Estonia,2007,391,
ESTAT:ROAD_EQS_CARHAB(1.0),26/11/24 23:00:00,Annual,Number,Estonia,2008,413,
ESTAT:ROAD_EQS_CARHAB(1.0),26/11/24 23:00:00,Annual,Number,Estonia,2009,409,
ESTAT:ROAD_EQS_CARHAB(1.0),26/11/24 23:00:00,Annual,Number,Estonia,2010,416,
ESTAT:ROAD_EQS_CARHAB(1.0),26/11/24 23:00:00,Annual,Number,Estonia,2011,433,
ESTAT:ROAD_EQS_CARHAB(1.0),26/11/24 23:00:00,Annual,Number,Estonia,2012,456,
ESTAT:ROAD_EQS_CARHAB(1.0),26/11/24 23:00:00,Annual,Number,Estonia,2013,478,
ESTAT:ROAD_EQS_CARHAB(1.0),26/11/24 23:00:00,Annual,Number,Estonia,2014,497,b
ESTAT:ROAD_EQS_CARHAB(1.0),26/11/24 23:00:00,Annual,Number,Estonia,2015,514,
ESTAT:ROAD_EQS_CARHAB(1.0),26/11/24 23:00:00,Annual,Number,Estonia,2016,534,
ESTAT:ROAD_EQS_CARHAB(1.0),26/11/24 23:00:00,Annual,Number,Estonia,2017,550,
ESTAT:ROAD_EQS_CARHAB(1.0),26/11/24 23:00:00,Annual,Number,Estonia,2018,563,
ESTAT:ROAD_EQS_CARHAB(1.0),26/11/24 23:00:00,Annual,Number,Estonia,2019,598,
ESTAT:ROAD_EQS_CARHAB(1.0),26/11/24 23:00:00,Annual,Number,Estonia,2020,608,
ESTAT:ROAD_EQS_CARHAB(1.0),26/11/24 23:00:00,Annual,Number,Estonia,2021,620,
ESTAT:ROAD_EQS_CARHAB(1.0),26/11/24 23:00:00,Annual,Number,Estonia,2022,622,
ESTAT:ROAD_EQS_CARHAB(1.0),26/11/24 23:00:00,Annual,Number,Estonia,2023,630,
ESTAT:ROAD_EQS_CARHAB(1.0),26/11/24 23:00:00,Annual,Number,Greece,1990,169,
ESTAT:ROAD_EQS_CARHAB(1.0),26/11/24 23:00:00,Annual,Number,Greece,1991,171,
ESTAT:ROAD_EQS_CARHAB(1.0),26/11/24 23:00:00,Annual,Number,Greece,1992,175,
ESTAT:ROAD_EQS_CARHAB(1.0),26/11/24 23:00:00,Annual,Number,Greece,1993,187,
ESTAT:ROAD_EQS_CARHAB(1.0),26/11/24 23:00:00,Annual,Number,Greece,1994,197,
ESTAT:ROAD_EQS_CARHAB(1.0),26/11/24 23:00:00,Annual,Number,Greece,1995,208,
ESTAT:ROAD_EQS_CARHAB(1.0),26/11/24 23:00:00,Annual,Number,Greece,1996,220,
ESTAT:ROAD_EQS_CARHAB(1.0),26/11/24 23:00:00,Annual,Number,Greece,1997,234,
ESTAT:ROAD_EQS_CARHAB(1.0),26/11/24 23:00:00,Annual,Number,Greece,1998,249,
ESTAT:ROAD_EQS_CARHAB(1.0),26/11/24 23:00:00,Annual,Number,Greece,1999,272,
ESTAT:ROAD_EQS_CARHAB(1.0),26/11/24 23:00:00,Annual,Number,Greece,2000,295,
ESTAT:ROAD_EQS_CARHAB(1.0),26/11/24 23:00:00,Annual,Number,Greece,2001,314,
ESTAT:ROAD_EQS_CARHAB(1.0),26/11/24 23:00:00,Annual,Number,Greece,2002,334,
ESTAT:ROAD_EQS_CARHAB(1.0),26/11/24 23:00:00,Annual,Number,Greece,2003,351,
ESTAT:ROAD_EQS_CARHAB(1.0),26/11/24 23:00:00,Annual,Number,Greece,2004,371,
ESTAT:ROAD_EQS_CARHAB(1.0),26/11/24 23:00:00,Annual,Number,Greece,2005,391,
ESTAT:ROAD_EQS_CARHAB(1.0),26/11/24 23:00:00,Annual,Number,Greece,2006,412,
ESTAT:ROAD_EQS_CARHAB(1.0),26/11/24 23:00:00,Annual,Number,Greece,2007,434,
ESTAT:ROAD_EQS_CARHAB(1.0),26/11/24 23:00:00,Annual,Number,Greece,2008,453,
ESTAT:ROAD_EQS_CARHAB(1.0),26/11/24 23:00:00,Annual,Number,Greece,2009,462,
ESTAT:ROAD_EQS_CARHAB(1.0),26/11/24 23:00:00,Annual,Number,Greece,2010,469,
ESTAT:ROAD_EQS_CARHAB(1.0),26/11/24 23:00:00,Annual,Number,Greece,2011,469,
ESTAT:ROAD_EQS_CARHAB(1.0),26/11/24 23:00:00,Annual,Number,Greece,2012,470,
ESTAT:ROAD_EQS_CARHAB(1.0),26/11/24 23:00:00,Annual,Number,Greece,2013,469,
ESTAT:ROAD_EQS_CARHAB(1.0),26/11/24 23:00:00,Annual,Number,Greece,2014,471,
ESTAT:ROAD_EQS_CARHAB(1.0),26/11/24 23:00:00,Annual,Number,Greece,2015,474,
ESTAT:ROAD_EQS_CARHAB(1.0),26/11/24 23:00:00,Annual,Number,Greece,2016,479,
ESTAT:ROAD_EQS_CARHAB(1.0),26/11/24 23:00:00,Annual,Number,Greece,2017,487,
ESTAT:ROAD_EQS_CARHAB(1.0),26/11/24 23:00:00,Annual,Number,Greece,2018,493,
ESTAT:ROAD_EQS_CARHAB(1.0),26/11/24 23:00:00,Annual,Number,Greece,2019,504,
ESTAT:ROAD_EQS_CARHAB(1.0),26/11/24 23:00:00,Annual,Number,Greece,2020,514,
ESTAT:ROAD_EQS_CARHAB(1.0),26/11/24 23:00:00,Annual,Number,Greece,2021,536,b
ESTAT:ROAD_EQS_CARHAB(1.0),26/11/24 23:00:00,Annual,Number,Greece,2022,550,
ESTAT:ROAD_EQS_CARHAB(1.0),26/11/24 23:00:00,Annual,Number,Greece,2023,565,ep
ESTAT:ROAD_EQS_CARHAB(1.0),26/11/24 23:00:00,Annual,Number,Spain,1990,309,
ESTAT:ROAD_EQS_CARHAB(1.0),26/11/24 23:00:00,Annual,Number,Spain,1991,321,
ESTAT:ROAD_EQS_CARHAB(1.0),26/11/24 23:00:00,Annual,Number,Spain,1992,334,
ESTAT:ROAD_EQS_CARHAB(1.0),26/11/24 23:00:00,Annual,Number,Spain,1993,341,
ESTAT:ROAD_EQS_CARHAB(1.0),26/11/24 23:00:00,Annual,Number,Spain,1994,346,
ESTAT:ROAD_EQS_CARHAB(1.0),26/11/24 23:00:00,Annual,Number,Spain,1995,357,
ESTAT:ROAD_EQS_CARHAB(1.0),26/11/24 23:00:00,Annual,Number,Spain,1999,416,
ESTAT:ROAD_EQS_CARHAB(1.0),26/11/24 23:00:00,Annual,Number,Spain,2000,429,
ESTAT:ROAD_EQS_CARHAB(1.0),26/11/24 23:00:00,Annual,Number,Spain,2001,442,
ESTAT:ROAD_EQS_CARHAB(1.0),26/11/24 23:00:00,Annual,Number,Spain,2002,448,
ESTAT:ROAD_EQS_CARHAB(1.0),26/11/24 23:00:00,Annual,Number,Spain,2003,439,
ESTAT:ROAD_EQS_CARHAB(1.0),26/11/24 23:00:00,Annual,Number,Spain,2004,451,
ESTAT:ROAD_EQS_CARHAB(1.0),26/11/24 23:00:00,Annual,Number,Spain,2006,470,
ESTAT:ROAD_EQS_CARHAB(1.0),26/11/24 23:00:00,Annual,Number,Spain,2007,476,
ESTAT:ROAD_EQS_CARHAB(1.0),26/11/24 23:00:00,Annual,Number,Spain,2008,479,
ESTAT:ROAD_EQS_CARHAB(1.0),26/11/24 23:00:00,Annual,Number,Spain,2009,473,
ESTAT:ROAD_EQS_CARHAB(1.0),26/11/24 23:00:00,Annual,Number,Spain,2010,475,
ESTAT:ROAD_EQS_CARHAB(1.0),26/11/24 23:00:00,Annual,Number,Spain,2011,476,
ESTAT:ROAD_EQS_CARHAB(1.0),26/11/24 23:00:00,Annual,Number,Spain,2012,476,
ESTAT:ROAD_EQS_CARHAB(1.0),26/11/24 23:00:00,Annual,Number,Spain,2013,474,
ESTAT:ROAD_EQS_CARHAB(1.0),26/11/24 23:00:00,Annual,Number,Spain,2014,475,
ESTAT:ROAD_EQS_CARHAB(1.0),26/11/24 23:00:00,Annual,Number,Spain,2015,482,
ESTAT:ROAD_EQS_CARHAB(1.0),26/11/24 23:00:00,Annual,Number,Spain,2016,492,s
ESTAT:ROAD_EQS_CARHAB(1.0),26/11/24 23:00:00,Annual,Number,Spain,2017,529,
ESTAT:ROAD_EQS_CARHAB(1.0),26/11/24 23:00:00,Annual,Number,Spain,2018,539,
ESTAT:ROAD_EQS_CARHAB(1.0),26/11/24 23:00:00,Annual,Number,Spain,2019,546,
ESTAT:ROAD_EQS_CARHAB(1.0),26/11/24 23:00:00,Annual,Number,Spain,2020,549,
ESTAT:ROAD_EQS_CARHAB(1.0),26/11/24 23:00:00,Annual,Number,Spain,2021,554,
ESTAT:ROAD_EQS_CARHAB(1.0),26/11/24 23:00:00,Annual,Number,Spain,2022,553,
ESTAT:ROAD_EQS_CARHAB(1.0),26/11/24 23:00:00,Annual,Number,Spain,2023,551,p
ESTAT:ROAD_EQS_CARHAB(1.0),26/11/24 23:00:00,Annual,Number,European Union - 27 countries (from 2020),2000,424,
ESTAT:ROAD_EQS_CARHAB(1.0),26/11/24 23:00:00,Annual,Number,European Union - 27 countries (from 2020),2011,486,
ESTAT:ROAD_EQS_CARHAB(1.0),26/11/24 23:00:00,Annual,Number,European Union - 27 countries (from 2020),2012,490,
ESTAT:ROAD_EQS_CARHAB(1.0),26/11/24 23:00:00,Annual,Number,European Union - 27 countries (from 2020),2013,501,
ESTAT:ROAD_EQS_CARHAB(1.0),26/11/24 23:00:00,Annual,Number,European Union - 27 countries (from 2020),2014,506,
ESTAT:ROAD_EQS_CARHAB(1.0),26/11/24 23:00:00,Annual,Number,European Union - 27 countries (from 2020),2015,508,
ESTAT:ROAD_EQS_CARHAB(1.0),26/11/24 23:00:00,Annual,Number,European Union - 27 countries (from 2020),2016,518,
ESTAT:ROAD_EQS_CARHAB(1.0),26/11/24 23:00:00,Annual,Number,European Union - 27 countries (from 2020),2017,530,
ESTAT:ROAD_EQS_CARHAB(1.0),26/11/24 23:00:00,Annual,Number,European Union - 27 countries (from 2020),2018,539,
ESTAT:ROAD_EQS_CARHAB(1.0),26/11/24 23:00:00,Annual,Number,European Union - 27 countries (from 2020),2019,548,
ESTAT:ROAD_EQS_CARHAB(1.0),26/11/24 23:00:00,Annual,Number,European Union - 27 countries (from 2020),2020,555,
ESTAT:ROAD_EQS_CARHAB(1.0),26/11/24 23:00:00,Annual,Number,European Union - 27 countries (from 2020),2021,561,
ESTAT:ROAD_EQS_CARHAB(1.0),26/11/24 23:00:00,Annual,Number,European Union - 27 countries (from 2020),2022,563,
ESTAT:ROAD_EQS_CARHAB(1.0),26/11/24 23:00:00,Annual,Number,European Union - 27 countries (from 2020),2023,571,
ESTAT:ROAD_EQS_CARHAB(1.0),26/11/24 23:00:00,Annual,Number,Finland,1990,388,
ESTAT:ROAD_EQS_CARHAB(1.0),26/11/24 23:00:00,Annual,Number,Finland,1991,382,
ESTAT:ROAD_EQS_CARHAB(1.0),26/11/24 23:00:00,Annual,Number,Finland,1992,383,
ESTAT:ROAD_EQS_CARHAB(1.0),26/11/24 23:00:00,Annual,Number,Finland,1993,369,
ESTAT:ROAD_EQS_CARHAB(1.0),26/11/24 23:00:00,Annual,Number,Finland,1994,367,
ESTAT:ROAD_EQS_CARHAB(1.0),26/11/24 23:00:00,Annual,Number,Finland,1995,372,
ESTAT:ROAD_EQS_CARHAB(1.0),26/11/24 23:00:00,Annual,Number,Finland,1996,379,
ESTAT:ROAD_EQS_CARHAB(1.0),26/11/24 23:00:00,Annual,Number,Finland,1997,378,
ESTAT:ROAD_EQS_CARHAB(1.0),26/11/24 23:00:00,Annual,Number,Finland,1998,392,
ESTAT:ROAD_EQS_CARHAB(1.0),26/11/24 23:00:00,Annual,Number,Finland,1999,403,
ESTAT:ROAD_EQS_CARHAB(1.0),26/11/24 23:00:00,Annual,Number,Finland,2000,412,
ESTAT:ROAD_EQS_CARHAB(1.0),26/11/24 23:00:00,Annual,Number,Finland,2001,416,
ESTAT:ROAD_EQS_CARHAB(1.0),26/11/24 23:00:00,Annual,Number,Finland,2002,422,
ESTAT:ROAD_EQS_CARHAB(1.0),26/11/24 23:00:00,Annual,Number,Finland,2003,436,
ESTAT:ROAD_EQS_CARHAB(1.0),26/11/24 23:00:00,Annual,Number,Finland,2004,448,
ESTAT:ROAD_EQS_CARHAB(1.0),26/11/24 23:00:00,Annual,Number,Finland,2005,462,
ESTAT:ROAD_EQS_CARHAB(1.0),26/11/24 23:00:00,Annual,Number,Finland,2006,475,
ESTAT:ROAD_EQS_CARHAB(1.0),26/11/24 23:00:00,Annual,Number,Finland,2007,485,
ESTAT:ROAD_EQS_CARHAB(1.0),26/11/24 23:00:00,Annual,Number,Finland,2008,507,
ESTAT:ROAD_EQS_CARHAB(1.0),26/11/24 23:00:00,Annual,Number,Finland,2009,519,
ESTAT:ROAD_EQS_CARHAB(1.0),26/11/24 23:00:00,Annual,Number,Finland,2010,535,
ESTAT:ROAD_EQS_CARHAB(1.0),26/11/24 23:00:00,Annual,Number,Finland,2011,551,
ESTAT:ROAD_EQS_CARHAB(1.0),26/11/24 23:00:00,Annual,Number,Finland,2012,560,
ESTAT:ROAD_EQS_CARHAB(1.0),26/11/24 23:00:00,Annual,Number,Finland,2013,570,
ESTAT:ROAD_EQS_CARHAB(1.0),26/11/24 23:00:00,Annual,Number,Finland,2014,580,
ESTAT:ROAD_EQS_CARHAB(1.0),26/11/24 23:00:00,Annual,Number,Finland,2015,590,
ESTAT:ROAD_EQS_CARHAB(1.0),26/11/24 23:00:00,Annual,Number,Finland,2016,604,
ESTAT:ROAD_EQS_CARHAB(1.0),26/11/24 23:00:00,Annual,Number,Finland,2017,617,
ESTAT:ROAD_EQS_CARHAB(1.0),26/11/24 23:00:00,Annual,Number,Finland,2018,629,
ESTAT:ROAD_EQS_CARHAB(1.0),26/11/24 23:00:00,Annual,Number,Finland,2019,642,
ESTAT:ROAD_EQS_CARHAB(1.0),26/11/24 23:00:00,Annual,Number,Finland,2020,652,
ESTAT:ROAD_EQS_CARHAB(1.0),26/11/24 23:00:00,Annual,Number,Finland,2021,656,
ESTAT:ROAD_EQS_CARHAB(1.0),26/11/24 23:00:00,Annual,Number,Finland,2022,660,
ESTAT:ROAD_EQS_CARHAB(1.0),26/11/24 23:00:00,Annual,Number,Finland,2023,664,
ESTAT:ROAD_EQS_CARHAB(1.0),26/11/24 23:00:00,Annual,Number,France,1990,404,
ESTAT:ROAD_EQS_CARHAB(1.0),26/11/24 23:00:00,Annual,Number,France,1991,406,
ESTAT:ROAD_EQS_CARHAB(1.0),26/11/24 23:00:00,Annual,Number,France,1992,408,
ESTAT:ROAD_EQS_CARHAB(1.0),26/11/24 23:00:00,Annual,Number,France,1993,413,
ESTAT:ROAD_EQS_CARHAB(1.0),26/11/24 23:00:00,Annual,Number,France,1994,420,
ESTAT:ROAD_EQS_CARHAB(1.0),26/11/24 23:00:00,Annual,Number,France,1995,422,
ESTAT:ROAD_EQS_CARHAB(1.0),26/11/24 23:00:00,Annual,Number,France,1996,427,
ESTAT:ROAD_EQS_CARHAB(1.0),26/11/24 23:00:00,Annual,Number,France,1997,435,
ESTAT:ROAD_EQS_CARHAB(1.0),26/11/24 23:00:00,Annual,Number,France,1998,446,
ESTAT:ROAD_EQS_CARHAB(1.0),26/11/24 23:00:00,Annual,Number,France,1999,454,
ESTAT:ROAD_EQS_CARHAB(1.0),26/11/24 23:00:00,Annual,Number,France,2000,460,
ESTAT:ROAD_EQS_CARHAB(1.0),26/11/24 23:00:00,Annual,Number,France,2001,467,
ESTAT:ROAD_EQS_CARHAB(1.0),26/11/24 23:00:00,Annual,Number,France,2002,471,
ESTAT:ROAD_EQS_CARHAB(1.0),26/11/24 23:00:00,Annual,Number,France,2003,475,
ESTAT:ROAD_EQS_CARHAB(1.0),26/11/24 23:00:00,Annual,Number,France,2004,476,
ESTAT:ROAD_EQS_CARHAB(1.0),26/11/24 23:00:00,Annual,Number,France,2005,476,
ESTAT:ROAD_EQS_CARHAB(1.0),26/11/24 23:00:00,Annual,Number,France,2006,478,
ESTAT:ROAD_EQS_CARHAB(1.0),26/11/24 23:00:00,Annual,Number,France,2007,480,
ESTAT:ROAD_EQS_CARHAB(1.0),26/11/24 23:00:00,Annual,Number,France,2009,486,
ESTAT:ROAD_EQS_CARHAB(1.0),26/11/24 23:00:00,Annual,Number,France,2010,538,b
ESTAT:ROAD_EQS_CARHAB(1.0),26/11/24 23:00:00,Annual,Number,France,2011,540,b
ESTAT:ROAD_EQS_CARHAB(1.0),26/11/24 23:00:00,Annual,Number,France,2012,542,
ESTAT:ROAD_EQS_CARHAB(1.0),26/11/24 23:00:00,Annual,Number,France,2013,546,b
ESTAT:ROAD_EQS_CARHAB(1.0),26/11/24 23:00:00,Annual,Number,France,2014,551,
ESTAT:ROAD_EQS_CARHAB(1.0),26/11/24 23:00:00,Annual,Number,France,2015,558,
ESTAT:ROAD_EQS_CARHAB(1.0),26/11/24 23:00:00,Annual,Number,France,2016,564,
ESTAT:ROAD_EQS_CARHAB(1.0),26/11/24 23:00:00,Annual,Number,France,2017,569,
ESTAT:ROAD_EQS_CARHAB(1.0),26/11/24 23:00:00,Annual,Number,France,2018,568,
ESTAT:ROAD_EQS_CARHAB(1.0),26/11/24 23:00:00,Annual,Number,France,2019,569,
ESTAT:ROAD_EQS_CARHAB(1.0),26/11/24 23:00:00,Annual,Number,France,2020,568,
ESTAT:ROAD_EQS_CARHAB(1.0),26/11/24 23:00:00,Annual,Number,France,2021,571,p
ESTAT:ROAD_EQS_CARHAB(1.0),26/11/24 23:00:00,Annual,Number,France,2022,570,p
ESTAT:ROAD_EQS_CARHAB(1.0),26/11/24 23:00:00,Annual,Number,France,2023,578,ps
ESTAT:ROAD_EQS_CARHAB(1.0),26/11/24 23:00:00,Annual,Number,Georgia,2012,150,s
ESTAT:ROAD_EQS_CARHAB(1.0),26/11/24 23:00:00,Annual,Number,Georgia,2013,165,
ESTAT:ROAD_EQS_CARHAB(1.0),26/11/24 23:00:00,Annual,Number,Georgia,2014,220,b
ESTAT:ROAD_EQS_CARHAB(1.0),26/11/24 23:00:00,Annual,Number,Georgia,2015,240,
ESTAT:ROAD_EQS_CARHAB(1.0),26/11/24 23:00:00,Annual,Number,Georgia,2016,262,
ESTAT:ROAD_EQS_CARHAB(1.0),26/11/24 23:00:00,Annual,Number,Georgia,2017,276,
ESTAT:ROAD_EQS_CARHAB(1.0),26/11/24 23:00:00,Annual,Number,Georgia,2018,292,
ESTAT:ROAD_EQS_CARHAB(1.0),26/11/24 23:00:00,Annual,Number,Georgia,2019,320,
ESTAT:ROAD_EQS_CARHAB(1.0),26/11/24 23:00:00,Annual,Number,Georgia,2020,319,
ESTAT:ROAD_EQS_CARHAB(1.0),26/11/24 23:00:00,Annual,Number,Georgia,2021,343,
ESTAT:ROAD_EQS_CARHAB(1.0),26/11/24 23:00:00,Annual,Number,Georgia,2022,357,
ESTAT:ROAD_EQS_CARHAB(1.0),26/11/24 23:00:00,Annual,Number,Georgia,2023,385,s
ESTAT:ROAD_EQS_CARHAB(1.0),26/11/24 23:00:00,Annual,Number,Croatia,1990,166,
ESTAT:ROAD_EQS_CARHAB(1.0),26/11/24 23:00:00,Annual,Number,Croatia,1991,160,
ESTAT:ROAD_EQS_CARHAB(1.0),26/11/24 23:00:00,Annual,Number,Croatia,1992,147,
ESTAT:ROAD_EQS_CARHAB(1.0),26/11/24 23:00:00,Annual,Number,Croatia,1993,139,
ESTAT:ROAD_EQS_CARHAB(1.0),26/11/24 23:00:00,Annual,Number,Croatia,1994,150,
ESTAT:ROAD_EQS_CARHAB(1.0),26/11/24 23:00:00,Annual,Number,Croatia,1995,155,
ESTAT:ROAD_EQS_CARHAB(1.0),26/11/24 23:00:00,Annual,Number,Croatia,1996,184,
ESTAT:ROAD_EQS_CARHAB(1.0),26/11/24 23:00:00,Annual,Number,Croatia,1997,205,
ESTAT:ROAD_EQS_CARHAB(1.0),26/11/24 23:00:00,Annual,Number,Croatia,1998,221,
ESTAT:ROAD_EQS_CARHAB(1.0),26/11/24 23:00:00,Annual,Number,Croatia,1999,235,
ESTAT:ROAD_EQS_CARHAB(1.0),26/11/24 23:00:00,Annual,Number,Croatia,2000,261,
ESTAT:ROAD_EQS_CARHAB(1.0),26/11/24 23:00:00,Annual,Number,Croatia,2001,275,
ESTAT:ROAD_EQS_CARHAB(1.0),26/11/24 23:00:00,Annual,Number,Croatia,2002,285,
ESTAT:ROAD_EQS_CARHAB(1.0),26/11/24 23:00:00,Annual,Number,Croatia,2003,298,
ESTAT:ROAD_EQS_CARHAB(1.0),26/11/24 23:00:00,Annual,Number,Croatia,2004,308,
ESTAT:ROAD_EQS_CARHAB(1.0),26/11/24 23:00:00,Annual,Number,Croatia,2005,319,
ESTAT:ROAD_EQS_CARHAB(1.0),26/11/24 23:00:00,Annual,Number,Croatia,2006,331,
ESTAT:ROAD_EQS_CARHAB(1.0),26/11/24 23:00:00,Annual,Number,Croatia,2007,350,
ESTAT:ROAD_EQS_CARHAB(1.0),26/11/24 23:00:00,Annual,Number,Croatia,2008,360,
ESTAT:ROAD_EQS_CARHAB(1.0),26/11/24 23:00:00,Annual,Number,Croatia,2009,358,
ESTAT:ROAD_EQS_CARHAB(1.0),26/11/24 23:00:00,Annual,Number,Croatia,2010,355,
ESTAT:ROAD_EQS_CARHAB(1.0),26/11/24 23:00:00,Annual,Number,Croatia,2011,355,
ESTAT:ROAD_EQS_CARHAB(1.0),26/11/24 23:00:00,Annual,Number,Croatia,2012,339,
ESTAT:ROAD_EQS_CARHAB(1.0),26/11/24 23:00:00,Annual,Number,Croatia,2013,343,
ESTAT:ROAD_EQS_CARHAB(1.0),26/11/24 23:00:00,Annual,Number,Croatia,2014,353,
ESTAT:ROAD_EQS_CARHAB(1.0),26/11/24 23:00:00,Annual,Number,Croatia,2015,363,
ESTAT:ROAD_EQS_CARHAB(1.0),26/11/24 23:00:00,Annual,Number,Croatia,2016,381,
ESTAT:ROAD_EQS_CARHAB(1.0),26/11/24 23:00:00,Annual,Number,Croatia,2017,398,
ESTAT:ROAD_EQS_CARHAB(1.0),26/11/24 23:00:00,Annual,Number,Croatia,2018,420,
ESTAT:ROAD_EQS_CARHAB(1.0),26/11/24 23:00:00,Annual,Number,Croatia,2019,439,
ESTAT:ROAD_EQS_CARHAB(1.0),26/11/24 23:00:00,Annual,Number,Croatia,2020,449,
ESTAT:ROAD_EQS_CARHAB(1.0),26/11/24 23:00:00,Annual,Number,Croatia,2021,465,
ESTAT:ROAD_EQS_CARHAB(1.0),26/11/24 23:00:00,Annual,Number,Croatia,2022,478,
ESTAT:ROAD_EQS_CARHAB(1.0),26/11/24 23:00:00,Annual,Number,Croatia,2023,495,
ESTAT:ROAD_EQS_CARHAB(1.0),26/11/24 23:00:00,Annual,Number,Hungary,1990,187,
ESTAT:ROAD_EQS_CARHAB(1.0),26/11/24 23:00:00,Annual,Number,Hungary,1991,194,
ESTAT:ROAD_EQS_CARHAB(1.0),26/11/24 23:00:00,Annual,Number,Hungary,1992,199,
ESTAT:ROAD_EQS_CARHAB(1.0),26/11/24 23:00:00,Annual,Number,Hungary,1993,202,
ESTAT:ROAD_EQS_CARHAB(1.0),26/11/24 23:00:00,Annual,Number,Hungary,1994,211,
ESTAT:ROAD_EQS_CARHAB(1.0),26/11/24 23:00:00,Annual,Number,Hungary,1995,218,
ESTAT:ROAD_EQS_CARHAB(1.0),26/11/24 23:00:00,Annual,Number,Hungary,1996,220,
ESTAT:ROAD_EQS_CARHAB(1.0),26/11/24 23:00:00,Annual,Number,Hungary,1997,224,
ESTAT:ROAD_EQS_CARHAB(1.0),26/11/24 23:00:00,Annual,Number,Hungary,1998,216,
ESTAT:ROAD_EQS_CARHAB(1.0),26/11/24 23:00:00,Annual,Number,Hungary,1999,221,
ESTAT:ROAD_EQS_CARHAB(1.0),26/11/24 23:00:00,Annual,Number,Hungary,2000,232,
ESTAT:ROAD_EQS_CARHAB(1.0),26/11/24 23:00:00,Annual,Number,Hungary,2001,244,
ESTAT:ROAD_EQS_CARHAB(1.0),26/11/24 23:00:00,Annual,Number,Hungary,2002,259,
ESTAT:ROAD_EQS_CARHAB(1.0),26/11/24 23:00:00,Annual,Number,Hungary,2003,274,
ESTAT:ROAD_EQS_CARHAB(1.0),26/11/24 23:00:00,Annual,Number,Hungary,2004,280,
ESTAT:ROAD_EQS_CARHAB(1.0),26/11/24 23:00:00,Annual,Number,Hungary,2005,287,
ESTAT:ROAD_EQS_CARHAB(1.0),26/11/24 23:00:00,Annual,Number,Hungary,2006,319,
ESTAT:ROAD_EQS_CARHAB(1.0),26/11/24 23:00:00,Annual,Number,Hungary,2007,325,
ESTAT:ROAD_EQS_CARHAB(1.0),26/11/24 23:00:00,Annual,Number,Hungary,2008,305,
ESTAT:ROAD_EQS_CARHAB(1.0),26/11/24 23:00:00,Annual,Number,Hungary,2009,301,
ESTAT:ROAD_EQS_CARHAB(1.0),26/11/24 23:00:00,Annual,Number,Hungary,2010,299,
ESTAT:ROAD_EQS_CARHAB(1.0),26/11/24 23:00:00,Annual,Number,Hungary,2011,299,b
ESTAT:ROAD_EQS_CARHAB(1.0),26/11/24 23:00:00,Annual,Number,Hungary,2012,301,
ESTAT:ROAD_EQS_CARHAB(1.0),26/11/24 23:00:00,Annual,Number,Hungary,2013,309,
ESTAT:ROAD_EQS_CARHAB(1.0),26/11/24 23:00:00,Annual,Number,Hungary,2014,317,
ESTAT:ROAD_EQS_CARHAB(1.0),26/11/24 23:00:00,Annual,Number,Hungary,2015,327,
ESTAT:ROAD_EQS_CARHAB(1.0),26/11/24 23:00:00,Annual,Number,Hungary,2016,340,
ESTAT:ROAD_EQS_CARHAB(1.0),26/11/24 23:00:00,Annual,Number,Hungary,2017,357,
ESTAT:ROAD_EQS_CARHAB(1.0),26/11/24 23:00:00,Annual,Number,Hungary,2018,375,
ESTAT:ROAD_EQS_CARHAB(1.0),26/11/24 23:00:00,Annual,Number,Hungary,2019,393,
ESTAT:ROAD_EQS_CARHAB(1.0),26/11/24 23:00:00,Annual,Number,Hungary,2020,406,
ESTAT:ROAD_EQS_CARHAB(1.0),26/11/24 23:00:00,Annual,Number,Hungary,2021,418,
ESTAT:ROAD_EQS_CARHAB(1.0),26/11/24 23:00:00,Annual,Number,Hungary,2022,426,
ESTAT:ROAD_EQS_CARHAB(1.0),26/11/24 23:00:00,Annual,Number,Hungary,2023,435,
ESTAT:ROAD_EQS_CARHAB(1.0),26/11/24 23:00:00,Annual,Number,Ireland,1990,227,
ESTAT:ROAD_EQS_CARHAB(1.0),26/11/24 23:00:00,Annual,Number,Ireland,1991,236,
ESTAT:ROAD_EQS_CARHAB(1.0),26/11/24 23:00:00,Annual,Number,Ireland,1992,241,
ESTAT:ROAD_EQS_CARHAB(1.0),26/11/24 23:00:00,Annual,Number,Ireland,1993,249,
ESTAT:ROAD_EQS_CARHAB(1.0),26/11/24 23:00:00,Annual,Number,Ireland,1994,261,
ESTAT:ROAD_EQS_CARHAB(1.0),26/11/24 23:00:00,Annual,Number,Ireland,1995,274,
ESTAT:ROAD_EQS_CARHAB(1.0),26/11/24 23:00:00,Annual,Number,Ireland,1996,289,
ESTAT:ROAD_EQS_CARHAB(1.0),26/11/24 23:00:00,Annual,Number,Ireland,1997,307,
ESTAT:ROAD_EQS_CARHAB(1.0),26/11/24 23:00:00,Annual,Number,Ireland,1998,321,
ESTAT:ROAD_EQS_CARHAB(1.0),26/11/24 23:00:00,Annual,Number,Ireland,1999,336,
ESTAT:ROAD_EQS_CARHAB(1.0),26/11/24 23:00:00,Annual,Number,Ireland,2000,344,
ESTAT:ROAD_EQS_CARHAB(1.0),26/11/24 23:00:00,Annual,Number,Ireland,2001,360,
ESTAT:ROAD_EQS_CARHAB(1.0),26/11/24 23:00:00,Annual,Number,Ireland,2002,371,
ESTAT:ROAD_EQS_CARHAB(1.0),26/11/24 23:00:00,Annual,Number,Ireland,2003,380,
ESTAT:ROAD_EQS_CARHAB(1.0),26/11/24 23:00:00,Annual,Number,Ireland,2004,385,
ESTAT:ROAD_EQS_CARHAB(1.0),26/11/24 23:00:00,Annual,Number,Ireland,2005,395,
ESTAT:ROAD_EQS_CARHAB(1.0),26/11/24 23:00:00,Annual,Number,Ireland,2006,410,
ESTAT:ROAD_EQS_CARHAB(1.0),26/11/24 23:00:00,Annual,Number,Ireland,2007,422,
ESTAT:ROAD_EQS_CARHAB(1.0),26/11/24 23:00:00,Annual,Number,Ireland,2008,442,
ESTAT:ROAD_EQS_CARHAB(1.0),26/11/24 23:00:00,Annual,Number,Ireland,2009,434,
ESTAT:ROAD_EQS_CARHAB(1.0),26/11/24 23:00:00,Annual,Number,Ireland,2010,426,
ESTAT:ROAD_EQS_CARHAB(1.0),26/11/24 23:00:00,Annual,Number,Ireland,2011,428,
ESTAT:ROAD_EQS_CARHAB(1.0),26/11/24 23:00:00,Annual,Number,Ireland,2012,426,
ESTAT:ROAD_EQS_CARHAB(1.0),26/11/24 23:00:00,Annual,Number,Ireland,2013,427,
ESTAT:ROAD_EQS_CARHAB(1.0),26/11/24 23:00:00,Annual,Number,Ireland,2014,431,
ESTAT:ROAD_EQS_CARHAB(1.0),26/11/24 23:00:00,Annual,Number,Ireland,2015,436,
ESTAT:ROAD_EQS_CARHAB(1.0),26/11/24 23:00:00,Annual,Number,Ireland,2016,438,
ESTAT:ROAD_EQS_CARHAB(1.0),26/11/24 23:00:00,Annual,Number,Ireland,2017,441,
ESTAT:ROAD_EQS_CARHAB(1.0),26/11/24 23:00:00,Annual,Number,Ireland,2018,442,
ESTAT:ROAD_EQS_CARHAB(1.0),26/11/24 23:00:00,Annual,Number,Ireland,2019,450,
ESTAT:ROAD_EQS_CARHAB(1.0),26/11/24 23:00:00,Annual,Number,Ireland,2020,452,
ESTAT:ROAD_EQS_CARHAB(1.0),26/11/24 23:00:00,Annual,Number,Ireland,2021,448,
ESTAT:ROAD_EQS_CARHAB(1.0),26/11/24 23:00:00,Annual,Number,Ireland,2022,443,
ESTAT:ROAD_EQS_CARHAB(1.0),26/11/24 23:00:00,Annual,Number,Ireland,2023,453,
ESTAT:ROAD_EQS_CARHAB(1.0),26/11/24 23:00:00,Annual,Number,Iceland,1990,469,
ESTAT:ROAD_EQS_CARHAB(1.0),26/11/24 23:00:00,Annual,Number,Iceland,1991,466,
ESTAT:ROAD_EQS_CARHAB(1.0),26/11/24 23:00:00,Annual,Number,Iceland,1992,457,
ESTAT:ROAD_EQS_CARHAB(1.0),26/11/24 23:00:00,Annual,Number,Iceland,1993,438,
ESTAT:ROAD_EQS_CARHAB(1.0),26/11/24 23:00:00,Annual,Number,Iceland,1994,434,
ESTAT:ROAD_EQS_CARHAB(1.0),26/11/24 23:00:00,Annual,Number,Iceland,1995,444,
ESTAT:ROAD_EQS_CARHAB(1.0),26/11/24 23:00:00,Annual,Number,Iceland,1996,463,
ESTAT:ROAD_EQS_CARHAB(1.0),26/11/24 23:00:00,Annual,Number,Iceland,1997,485,
ESTAT:ROAD_EQS_CARHAB(1.0),26/11/24 23:00:00,Annual,Number,Iceland,1998,508,
ESTAT:ROAD_EQS_CARHAB(1.0),26/11/24 23:00:00,Annual,Number,Iceland,1999,541,
ESTAT:ROAD_EQS_CARHAB(1.0),26/11/24 23:00:00,Annual,Number,Iceland,2000,561,
ESTAT:ROAD_EQS_CARHAB(1.0),26/11/24 23:00:00,Annual,Number,Iceland,2001,558,
ESTAT:ROAD_EQS_CARHAB(1.0),26/11/24 23:00:00,Annual,Number,Iceland,2004,596,e
ESTAT:ROAD_EQS_CARHAB(1.0),26/11/24 23:00:00,Annual,Number,Iceland,2005,624,e
ESTAT:ROAD_EQS_CARHAB(1.0),26/11/24 23:00:00,Annual,Number,Iceland,2017,738,
ESTAT:ROAD_EQS_CARHAB(1.0),26/11/24 23:00:00,Annual,Number,Iceland,2018,749,
ESTAT:ROAD_EQS_CARHAB(1.0),26/11/24 23:00:00,Annual,Number,Iceland,2019,741,
ESTAT:ROAD_EQS_CARHAB(1.0),26/11/24 23:00:00,Annual,Number,Iceland,2020,731,
ESTAT:ROAD_EQS_CARHAB(1.0),26/11/24 23:00:00,Annual,Number,Iceland,2021,768,
ESTAT:ROAD_EQS_CARHAB(1.0),26/11/24 23:00:00,Annual,Number,Iceland,2022,741,
ESTAT:ROAD_EQS_CARHAB(1.0),26/11/24 23:00:00,Annual,Number,Iceland,2023,642,
ESTAT:ROAD_EQS_CARHAB(1.0),26/11/24 23:00:00,Annual,Number,Italy,1990,483,
ESTAT:ROAD_EQS_CARHAB(1.0),26/11/24 23:00:00,Annual,Number,Italy,1991,502,
ESTAT:ROAD_EQS_CARHAB(1.0),26/11/24 23:00:00,Annual,Number,Italy,1992,518,
ESTAT:ROAD_EQS_CARHAB(1.0),26/11/24 23:00:00,Annual,Number,Italy,1993,522,
ESTAT:ROAD_EQS_CARHAB(1.0),26/11/24 23:00:00,Annual,Number,Italy,1994,522,
ESTAT:ROAD_EQS_CARHAB(1.0),26/11/24 23:00:00,Annual,Number,Italy,1995,533,
ESTAT:ROAD_EQS_CARHAB(1.0),26/11/24 23:00:00,Annual,Number,Italy,1996,536,
ESTAT:ROAD_EQS_CARHAB(1.0),26/11/24 23:00:00,Annual,Number,Italy,1997,540,
ESTAT:ROAD_EQS_CARHAB(1.0),26/11/24 23:00:00,Annual,Number,Italy,1998,555,p
ESTAT:ROAD_EQS_CARHAB(1.0),26/11/24 23:00:00,Annual,Number,Italy,1999,563,
ESTAT:ROAD_EQS_CARHAB(1.0),26/11/24 23:00:00,Annual,Number,Italy,2000,572,
ESTAT:ROAD_EQS_CARHAB(1.0),26/11/24 23:00:00,Annual,Number,Italy,2001,583,
ESTAT:ROAD_EQS_CARHAB(1.0),26/11/24 23:00:00,Annual,Number,Italy,2002,590,
ESTAT:ROAD_EQS_CARHAB(1.0),26/11/24 23:00:00,Annual,Number,Italy,2003,597,
ESTAT:ROAD_EQS_CARHAB(1.0),26/11/24 23:00:00,Annual,Number,Italy,2004,587,
ESTAT:ROAD_EQS_CARHAB(1.0),26/11/24 23:00:00,Annual,Number,Italy,2005,597,
ESTAT:ROAD_EQS_CARHAB(1.0),26/11/24 23:00:00,Annual,Number,Italy,2006,606,
ESTAT:ROAD_EQS_CARHAB(1.0),26/11/24 23:00:00,Annual,Number,Italy,2007,608,
ESTAT:ROAD_EQS_CARHAB(1.0),26/11/24 23:00:00,Annual,Number,Italy,2008,612,
ESTAT:ROAD_EQS_CARHAB(1.0),26/11/24 23:00:00,Annual,Number,Italy,2009,614,
ESTAT:ROAD_EQS_CARHAB(1.0),26/11/24 23:00:00,Annual,Number,Italy,2010,619,
ESTAT:ROAD_EQS_CARHAB(1.0),26/11/24 23:00:00,Annual,Number,Italy,2011,625,
ESTAT:ROAD_EQS_CARHAB(1.0),26/11/24 23:00:00,Annual,Number,Italy,2012,621,
ESTAT:ROAD_EQS_CARHAB(1.0),26/11/24 23:00:00,Annual,Number,Italy,2013,613,
ESTAT:ROAD_EQS_CARHAB(1.0),26/11/24 23:00:00,Annual,Number,Italy,2014,615,
ESTAT:ROAD_EQS_CARHAB(1.0),26/11/24 23:00:00,Annual,Number,Italy,2015,621,
ESTAT:ROAD_EQS_CARHAB(1.0),26/11/24 23:00:00,Annual,Number,Italy,2016,631,
ESTAT:ROAD_EQS_CARHAB(1.0),26/11/24 23:00:00,Annual,Number,Italy,2017,643,
ESTAT:ROAD_EQS_CARHAB(1.0),26/11/24 23:00:00,Annual,Number,Italy,2018,652,b
ESTAT:ROAD_EQS_CARHAB(1.0),26/11/24 23:00:00,Annual,Number,Italy,2019,663,
ESTAT:ROAD_EQS_CARHAB(1.0),26/11/24 23:00:00,Annual,Number,Italy,2020,671,
ESTAT:ROAD_EQS_CARHAB(1.0),26/11/24 23:00:00,Annual,Number,Italy,2021,675,
ESTAT:ROAD_EQS_CARHAB(1.0),26/11/24 23:00:00,Annual,Number,Italy,2022,682,
ESTAT:ROAD_EQS_CARHAB(1.0),26/11/24 23:00:00,Annual,Number,Italy,2023,694,p
ESTAT:ROAD_EQS_CARHAB(1.0),26/11/24 23:00:00,Annual,Number,Liechtenstein,1990,582,
ESTAT:ROAD_EQS_CARHAB(1.0),26/11/24 23:00:00,Annual,Number,Liechtenstein,1991,590,
ESTAT:ROAD_EQS_CARHAB(1.0),26/11/24 23:00:00,Annual,Number,Liechtenstein,1992,593,
ESTAT:ROAD_EQS_CARHAB(1.0),26/11/24 23:00:00,Annual,Number,Liechtenstein,1993,586,
ESTAT:ROAD_EQS_CARHAB(1.0),26/11/24 23:00:00,Annual,Number,Liechtenstein,1994,596,
ESTAT:ROAD_EQS_CARHAB(1.0),26/11/24 23:00:00,Annual,Number,Liechtenstein,1995,614,
ESTAT:ROAD_EQS_CARHAB(1.0),26/11/24 23:00:00,Annual,Number,Liechtenstein,1996,610,
ESTAT:ROAD_EQS_CARHAB(1.0),26/11/24 23:00:00,Annual,Number,Liechtenstein,1997,639,
ESTAT:ROAD_EQS_CARHAB(1.0),26/11/24 23:00:00,Annual,Number,Liechtenstein,1998,625,
ESTAT:ROAD_EQS_CARHAB(1.0),26/11/24 23:00:00,Annual,Number,Liechtenstein,1999,648,
ESTAT:ROAD_EQS_CARHAB(1.0),26/11/24 23:00:00,Annual,Number,Liechtenstein,2000,669,
ESTAT:ROAD_EQS_CARHAB(1.0),26/11/24 23:00:00,Annual,Number,Liechtenstein,2001,675,
ESTAT:ROAD_EQS_CARHAB(1.0),26/11/24 23:00:00,Annual,Number,Liechtenstein,2002,679,
ESTAT:ROAD_EQS_CARHAB(1.0),26/11/24 23:00:00,Annual,Number,Liechtenstein,2003,686,
ESTAT:ROAD_EQS_CARHAB(1.0),26/11/24 23:00:00,Annual,Number,Liechtenstein,2004,692,
ESTAT:ROAD_EQS_CARHAB(1.0),26/11/24 23:00:00,Annual,Number,Liechtenstein,2005,699,
ESTAT:ROAD_EQS_CARHAB(1.0),26/11/24 23:00:00,Annual,Number,Liechtenstein,2006,691,
ESTAT:ROAD_EQS_CARHAB(1.0),26/11/24 23:00:00,Annual,Number,Liechtenstein,2007,689,
ESTAT:ROAD_EQS_CARHAB(1.0),26/11/24 23:00:00,Annual,Number,Liechtenstein,2008,715,
ESTAT:ROAD_EQS_CARHAB(1.0),26/11/24 23:00:00,Annual,Number,Liechtenstein,2009,722,
ESTAT:ROAD_EQS_CARHAB(1.0),26/11/24 23:00:00,Annual,Number,Liechtenstein,2010,744,
ESTAT:ROAD_EQS_CARHAB(1.0),26/11/24 23:00:00,Annual,Number,Liechtenstein,2011,749,
ESTAT:ROAD_EQS_CARHAB(1.0),26/11/24 23:00:00,Annual,Number,Liechtenstein,2012,760,
ESTAT:ROAD_EQS_CARHAB(1.0),26/11/24 23:00:00,Annual,Number,Liechtenstein,2013,757,
ESTAT:ROAD_EQS_CARHAB(1.0),26/11/24 23:00:00,Annual,Number,Liechtenstein,2014,762,
ESTAT:ROAD_EQS_CARHAB(1.0),26/11/24 23:00:00,Annual,Number,Liechtenstein,2015,766,
ESTAT:ROAD_EQS_CARHAB(1.0),26/11/24 23:00:00,Annual,Number,Liechtenstein,2016,773,
ESTAT:ROAD_EQS_CARHAB(1.0),26/11/24 23:00:00,Annual,Number,Liechtenstein,2017,779,
ESTAT:ROAD_EQS_CARHAB(1.0),26/11/24 23:00:00,Annual,Number,Liechtenstein,2018,780,
ESTAT:ROAD_EQS_CARHAB(1.0),26/11/24 23:00:00,Annual,Number,Liechtenstein,2019,781,
ESTAT:ROAD_EQS_CARHAB(1.0),26/11/24 23:00:00,Annual,Number,Liechtenstein,2020,779,
ESTAT:ROAD_EQS_CARHAB(1.0),26/11/24 23:00:00,Annual,Number,Liechtenstein,2021,777,
ESTAT:ROAD_EQS_CARHAB(1.0),26/11/24 23:00:00,Annual,Number,Liechtenstein,2022,773,
ESTAT:ROAD_EQS_CARHAB(1.0),26/11/24 23:00:00,Annual,Number,Liechtenstein,2023,774,p
ESTAT:ROAD_EQS_CARHAB(1.0),26/11/24 23:00:00,Annual,Number,Lithuania,1990,133,
ESTAT:ROAD_EQS_CARHAB(1.0),26/11/24 23:00:00,Annual,Number,Lithuania,1991,143,
ESTAT:ROAD_EQS_CARHAB(1.0),26/11/24 23:00:00,Annual,Number,Lithuania,1992,153,
ESTAT:ROAD_EQS_CARHAB(1.0),26/11/24 23:00:00,Annual,Number,Lithuania,1993,163,
ESTAT:ROAD_EQS_CARHAB(1.0),26/11/24 23:00:00,Annual,Number,Lithuania,1994,179,
ESTAT:ROAD_EQS_CARHAB(1.0),26/11/24 23:00:00,Annual,Number,Lithuania,1995,199,
ESTAT:ROAD_EQS_CARHAB(1.0),26/11/24 23:00:00,Annual,Number,Lithuania,1996,219,
ESTAT:ROAD_EQS_CARHAB(1.0),26/11/24 23:00:00,Annual,Number,Lithuania,1997,248,
ESTAT:ROAD_EQS_CARHAB(1.0),26/11/24 23:00:00,Annual,Number,Lithuania,1998,277,
ESTAT:ROAD_EQS_CARHAB(1.0),26/11/24 23:00:00,Annual,Number,Lithuania,1999,310,
ESTAT:ROAD_EQS_CARHAB(1.0),26/11/24 23:00:00,Annual,Number,Lithuania,2000,336,
ESTAT:ROAD_EQS_CARHAB(1.0),26/11/24 23:00:00,Annual,Number,Lithuania,2001,328,
ESTAT:ROAD_EQS_CARHAB(1.0),26/11/24 23:00:00,Annual,Number,Lithuania,2002,344,
ESTAT:ROAD_EQS_CARHAB(1.0),26/11/24 23:00:00,Annual,Number,Lithuania,2003,370,
ESTAT:ROAD_EQS_CARHAB(1.0),26/11/24 23:00:00,Annual,Number,Lithuania,2004,392,
ESTAT:ROAD_EQS_CARHAB(1.0),26/11/24 23:00:00,Annual,Number,Lithuania,2005,442,
ESTAT:ROAD_EQS_CARHAB(1.0),26/11/24 23:00:00,Annual,Number,Lithuania,2006,490,
ESTAT:ROAD_EQS_CARHAB(1.0),26/11/24 23:00:00,Annual,Number,Lithuania,2007,494,
ESTAT:ROAD_EQS_CARHAB(1.0),26/11/24 23:00:00,Annual,Number,Lithuania,2008,525,
ESTAT:ROAD_EQS_CARHAB(1.0),26/11/24 23:00:00,Annual,Number,Lithuania,2009,540,
ESTAT:ROAD_EQS_CARHAB(1.0),26/11/24 23:00:00,Annual,Number,Lithuania,2010,554,
ESTAT:ROAD_EQS_CARHAB(1.0),26/11/24 23:00:00,Annual,Number,Lithuania,2011,570,
ESTAT:ROAD_EQS_CARHAB(1.0),26/11/24 23:00:00,Annual,Number,Lithuania,2012,590,
ESTAT:ROAD_EQS_CARHAB(1.0),26/11/24 23:00:00,Annual,Number,Lithuania,2013,614,
ESTAT:ROAD_EQS_CARHAB(1.0),26/11/24 23:00:00,Annual,Number,Lithuania,2014,412,b
ESTAT:ROAD_EQS_CARHAB(1.0),26/11/24 23:00:00,Annual,Number,Lithuania,2015,430,
ESTAT:ROAD_EQS_CARHAB(1.0),26/11/24 23:00:00,Annual,Number,Lithuania,2016,454,
ESTAT:ROAD_EQS_CARHAB(1.0),26/11/24 23:00:00,Annual,Number,Lithuania,2017,480,
ESTAT:ROAD_EQS_CARHAB(1.0),26/11/24 23:00:00,Annual,Number,Lithuania,2018,509,
ESTAT:ROAD_EQS_CARHAB(1.0),26/11/24 23:00:00,Annual,Number,Lithuania,2019,533,
ESTAT:ROAD_EQS_CARHAB(1.0),26/11/24 23:00:00,Annual,Number,Lithuania,2020,557,
ESTAT:ROAD_EQS_CARHAB(1.0),26/11/24 23:00:00,Annual,Number,Lithuania,2021,574,
ESTAT:ROAD_EQS_CARHAB(1.0),26/11/24 23:00:00,Annual,Number,Lithuania,2022,578,
ESTAT:ROAD_EQS_CARHAB(1.0),26/11/24 23:00:00,Annual,Number,Lithuania,2023,589,
ESTAT:ROAD_EQS_CARHAB(1.0),26/11/24 23:00:00,Annual,Number,Luxembourg,1990,499,
ESTAT:ROAD_EQS_CARHAB(1.0),26/11/24 23:00:00,Annual,Number,Luxembourg,1991,516,
ESTAT:ROAD_EQS_CARHAB(1.0),26/11/24 23:00:00,Annual,Number,Luxembourg,1992,529,
ESTAT:ROAD_EQS_CARHAB(1.0),26/11/24 23:00:00,Annual,Number,Luxembourg,1993,545,
ESTAT:ROAD_EQS_CARHAB(1.0),26/11/24 23:00:00,Annual,Number,Luxembourg,1994,565,
ESTAT:ROAD_EQS_CARHAB(1.0),26/11/24 23:00:00,Annual,Number,Luxembourg,1998,592,
ESTAT:ROAD_EQS_CARHAB(1.0),26/11/24 23:00:00,Annual,Number,Luxembourg,1999,607,
ESTAT:ROAD_EQS_CARHAB(1.0),26/11/24 23:00:00,Annual,Number,Luxembourg,2000,622,
ESTAT:ROAD_EQS_CARHAB(1.0),26/11/24 23:00:00,Annual,Number,Luxembourg,2001,633,
ESTAT:ROAD_EQS_CARHAB(1.0),26/11/24 23:00:00,Annual,Number,Luxembourg,2002,640,
ESTAT:ROAD_EQS_CARHAB(1.0),26/11/24 23:00:00,Annual,Number,Luxembourg,2003,644,
ESTAT:ROAD_EQS_CARHAB(1.0),26/11/24 23:00:00,Annual,Number,Luxembourg,2004,648,
ESTAT:ROAD_EQS_CARHAB(1.0),26/11/24 23:00:00,Annual,Number,Luxembourg,2005,654,
ESTAT:ROAD_EQS_CARHAB(1.0),26/11/24 23:00:00,Annual,Number,Luxembourg,2006,662,
ESTAT:ROAD_EQS_CARHAB(1.0),26/11/24 23:00:00,Annual,Number,Luxembourg,2007,666,
ESTAT:ROAD_EQS_CARHAB(1.0),26/11/24 23:00:00,Annual,Number,Luxembourg,2008,665,
ESTAT:ROAD_EQS_CARHAB(1.0),26/11/24 23:00:00,Annual,Number,Luxembourg,2009,660,
ESTAT:ROAD_EQS_CARHAB(1.0),26/11/24 23:00:00,Annual,Number,Luxembourg,2010,659,
ESTAT:ROAD_EQS_CARHAB(1.0),26/11/24 23:00:00,Annual,Number,Luxembourg,2011,658,b
ESTAT:ROAD_EQS_CARHAB(1.0),26/11/24 23:00:00,Annual,Number,Luxembourg,2012,663,
ESTAT:ROAD_EQS_CARHAB(1.0),26/11/24 23:00:00,Annual,Number,Luxembourg,2013,661,
ESTAT:ROAD_EQS_CARHAB(1.0),26/11/24 23:00:00,Annual,Number,Luxembourg,2014,662,
ESTAT:ROAD_EQS_CARHAB(1.0),26/11/24 23:00:00,Annual,Number,Luxembourg,2015,661,
ESTAT:ROAD_EQS_CARHAB(1.0),26/11/24 23:00:00,Annual,Number,Luxembourg,2016,662,b
ESTAT:ROAD_EQS_CARHAB(1.0),26/11/24 23:00:00,Annual,Number,Luxembourg,2017,670,
ESTAT:ROAD_EQS_CARHAB(1.0),26/11/24 23:00:00,Annual,Number,Luxembourg,2018,676,
ESTAT:ROAD_EQS_CARHAB(1.0),26/11/24 23:00:00,Annual,Number,Luxembourg,2019,681,
ESTAT:ROAD_EQS_CARHAB(1.0),26/11/24 23:00:00,Annual,Number,Luxembourg,2020,682,
ESTAT:ROAD_EQS_CARHAB(1.0),26/11/24 23:00:00,Annual,Number,Luxembourg,2021,682,
ESTAT:ROAD_EQS_CARHAB(1.0),26/11/24 23:00:00,Annual,Number,Luxembourg,2022,673,
ESTAT:ROAD_EQS_CARHAB(1.0),26/11/24 23:00:00,Annual,Number,Luxembourg,2023,675,
ESTAT:ROAD_EQS_CARHAB(1.0),26/11/24 23:00:00,Annual,Number,Latvia,1990,125,
ESTAT:ROAD_EQS_CARHAB(1.0),26/11/24 23:00:00,Annual,Number,Latvia,1991,124,
ESTAT:ROAD_EQS_CARHAB(1.0),26/11/24 23:00:00,Annual,Number,Latvia,1992,135,
ESTAT:ROAD_EQS_CARHAB(1.0),26/11/24 23:00:00,Annual,Number,Latvia,1993,145,
ESTAT:ROAD_EQS_CARHAB(1.0),26/11/24 23:00:00,Annual,Number,Latvia,1994,101,b
ESTAT:ROAD_EQS_CARHAB(1.0),26/11/24 23:00:00,Annual,Number,Latvia,1995,134,
ESTAT:ROAD_EQS_CARHAB(1.0),26/11/24 23:00:00,Annual,Number,Latvia,1996,155,
ESTAT:ROAD_EQS_CARHAB(1.0),26/11/24 23:00:00,Annual,Number,Latvia,1997,178,
ESTAT:ROAD_EQS_CARHAB(1.0),26/11/24 23:00:00,Annual,Number,Latvia,1998,201,
ESTAT:ROAD_EQS_CARHAB(1.0),26/11/24 23:00:00,Annual,Number,Latvia,1999,221,
ESTAT:ROAD_EQS_CARHAB(1.0),26/11/24 23:00:00,Annual,Number,Latvia,2000,237,
ESTAT:ROAD_EQS_CARHAB(1.0),26/11/24 23:00:00,Annual,Number,Latvia,2001,253,
ESTAT:ROAD_EQS_CARHAB(1.0),26/11/24 23:00:00,Annual,Number,Latvia,2002,269,
ESTAT:ROAD_EQS_CARHAB(1.0),26/11/24 23:00:00,Annual,Number,Latvia,2003,285,
ESTAT:ROAD_EQS_CARHAB(1.0),26/11/24 23:00:00,Annual,Number,Latvia,2004,305,
ESTAT:ROAD_EQS_CARHAB(1.0),26/11/24 23:00:00,Annual,Number,Latvia,2005,333,
ESTAT:ROAD_EQS_CARHAB(1.0),26/11/24 23:00:00,Annual,Number,Latvia,2006,372,
ESTAT:ROAD_EQS_CARHAB(1.0),26/11/24 23:00:00,Annual,Number,Latvia,2007,413,
ESTAT:ROAD_EQS_CARHAB(1.0),26/11/24 23:00:00,Annual,Number,Latvia,2008,431,
ESTAT:ROAD_EQS_CARHAB(1.0),26/11/24 23:00:00,Annual,Number,Latvia,2009,426,
ESTAT:ROAD_EQS_CARHAB(1.0),26/11/24 23:00:00,Annual,Number,Latvia,2010,307,
ESTAT:ROAD_EQS_CARHAB(1.0),26/11/24 23:00:00,Annual,Number,Latvia,2011,299,
ESTAT:ROAD_EQS_CARHAB(1.0),26/11/24 23:00:00,Annual,Number,Latvia,2012,305,
ESTAT:ROAD_EQS_CARHAB(1.0),26/11/24 23:00:00,Annual,Number,Latvia,2013,317,
ESTAT:ROAD_EQS_CARHAB(1.0),26/11/24 23:00:00,Annual,Number,Latvia,2014,331,
ESTAT:ROAD_EQS_CARHAB(1.0),26/11/24 23:00:00,Annual,Number,Latvia,2015,345,
ESTAT:ROAD_EQS_CARHAB(1.0),26/11/24 23:00:00,Annual,Number,Latvia,2016,341,
ESTAT:ROAD_EQS_CARHAB(1.0),26/11/24 23:00:00,Annual,Number,Latvia,2017,356,
ESTAT:ROAD_EQS_CARHAB(1.0),26/11/24 23:00:00,Annual,Number,Latvia,2018,369,
ESTAT:ROAD_EQS_CARHAB(1.0),26/11/24 23:00:00,Annual,Number,Latvia,2019,381,
ESTAT:ROAD_EQS_CARHAB(1.0),26/11/24 23:00:00,Annual,Number,Latvia,2020,390,
ESTAT:ROAD_EQS_CARHAB(1.0),26/11/24 23:00:00,Annual,Number,Latvia,2021,404,
ESTAT:ROAD_EQS_CARHAB(1.0),26/11/24 23:00:00,Annual,Number,Latvia,2022,409,
ESTAT:ROAD_EQS_CARHAB(1.0),26/11/24 23:00:00,Annual,Number,Latvia,2023,418,
ESTAT:ROAD_EQS_CARHAB(1.0),26/11/24 23:00:00,Annual,Number,Moldova,2009,108,
ESTAT:ROAD_EQS_CARHAB(1.0),26/11/24 23:00:00,Annual,Number,Moldova,2010,114,
ESTAT:ROAD_EQS_CARHAB(1.0),26/11/24 23:00:00,Annual,Number,Moldova,2011,120,
ESTAT:ROAD_EQS_CARHAB(1.0),26/11/24 23:00:00,Annual,Number,Moldova,2012,128,
ESTAT:ROAD_EQS_CARHAB(1.0),26/11/24 23:00:00,Annual,Number,Moldova,2013,137,
ESTAT:ROAD_EQS_CARHAB(1.0),26/11/24 23:00:00,Annual,Number,Moldova,2014,144,
ESTAT:ROAD_EQS_CARHAB(1.0),26/11/24 23:00:00,Annual,Number,Moldova,2015,186,e
ESTAT:ROAD_EQS_CARHAB(1.0),26/11/24 23:00:00,Annual,Number,Moldova,2016,194,e
ESTAT:ROAD_EQS_CARHAB(1.0),26/11/24 23:00:00,Annual,Number,Moldova,2017,211,e
ESTAT:ROAD_EQS_CARHAB(1.0),26/11/24 23:00:00,Annual,Number,Moldova,2018,226,e
ESTAT:ROAD_EQS_CARHAB(1.0),26/11/24 23:00:00,Annual,Number,Moldova,2019,242,e
ESTAT:ROAD_EQS_CARHAB(1.0),26/11/24 23:00:00,Annual,Number,Moldova,2020,256,e
ESTAT:ROAD_EQS_CARHAB(1.0),26/11/24 23:00:00,Annual,Number,Moldova,2021,279,e
ESTAT:ROAD_EQS_CARHAB(1.0),26/11/24 23:00:00,Annual,Number,Moldova,2022,297,ep
ESTAT:ROAD_EQS_CARHAB(1.0),26/11/24 23:00:00,Annual,Number,Moldova,2023,325,
ESTAT:ROAD_EQS_CARHAB(1.0),26/11/24 23:00:00,Annual,Number,Montenegro,2011,277,
ESTAT:ROAD_EQS_CARHAB(1.0),26/11/24 23:00:00,Annual,Number,Montenegro,2014,280,
ESTAT:ROAD_EQS_CARHAB(1.0),26/11/24 23:00:00,Annual,Number,Montenegro,2015,283,
ESTAT:ROAD_EQS_CARHAB(1.0),26/11/24 23:00:00,Annual,Number,Montenegro,2016,297,
ESTAT:ROAD_EQS_CARHAB(1.0),26/11/24 23:00:00,Annual,Number,Montenegro,2017,310,
ESTAT:ROAD_EQS_CARHAB(1.0),26/11/24 23:00:00,Annual,Number,Montenegro,2018,332,
ESTAT:ROAD_EQS_CARHAB(1.0),26/11/24 23:00:00,Annual,Number,Montenegro,2019,350,
ESTAT:ROAD_EQS_CARHAB(1.0),26/11/24 23:00:00,Annual,Number,Montenegro,2020,338,
ESTAT:ROAD_EQS_CARHAB(1.0),26/11/24 23:00:00,Annual,Number,Montenegro,2021,358,
ESTAT:ROAD_EQS_CARHAB(1.0),26/11/24 23:00:00,Annual,Number,Montenegro,2022,369,
ESTAT:ROAD_EQS_CARHAB(1.0),26/11/24 23:00:00,Annual,Number,Montenegro,2023,393,s
ESTAT:ROAD_EQS_CARHAB(1.0),26/11/24 23:00:00,Annual,Number,North Macedonia,2000,148,
ESTAT:ROAD_EQS_CARHAB(1.0),26/11/24 23:00:00,Annual,Number,North Macedonia,2001,152,
ESTAT:ROAD_EQS_CARHAB(1.0),26/11/24 23:00:00,Annual,Number,North Macedonia,2002,152,
ESTAT:ROAD_EQS_CARHAB(1.0),26/11/24 23:00:00,Annual,Number,North Macedonia,2005,124,
ESTAT:ROAD_EQS_CARHAB(1.0),26/11/24 23:00:00,Annual,Number,North Macedonia,2006,119,
ESTAT:ROAD_EQS_CARHAB(1.0),26/11/24 23:00:00,Annual,Number,North Macedonia,2007,122,
ESTAT:ROAD_EQS_CARHAB(1.0),26/11/24 23:00:00,Annual,Number,North Macedonia,2008,128,
ESTAT:ROAD_EQS_CARHAB(1.0),26/11/24 23:00:00,Annual,Number,North Macedonia,2009,137,
ESTAT:ROAD_EQS_CARHAB(1.0),26/11/24 23:00:00,Annual,Number,North Macedonia,2010,151,
ESTAT:ROAD_EQS_CARHAB(1.0),26/11/24 23:00:00,Annual,Number,North Macedonia,2011,152,
ESTAT:ROAD_EQS_CARHAB(1.0),26/11/24 23:00:00,Annual,Number,North Macedonia,2012,146,
ESTAT:ROAD_EQS_CARHAB(1.0),26/11/24 23:00:00,Annual,Number,North Macedonia,2013,168,e
ESTAT:ROAD_EQS_CARHAB(1.0),26/11/24 23:00:00,Annual,Number,North Macedonia,2014,180,e
ESTAT:ROAD_EQS_CARHAB(1.0),26/11/24 23:00:00,Annual,Number,North Macedonia,2015,185,e
ESTAT:ROAD_EQS_CARHAB(1.0),26/11/24 23:00:00,Annual,Number,North Macedonia,2016,190,e
ESTAT:ROAD_EQS_CARHAB(1.0),26/11/24 23:00:00,Annual,Number,North Macedonia,2017,194,
ESTAT:ROAD_EQS_CARHAB(1.0),26/11/24 23:00:00,Annual,Number,North Macedonia,2018,200,
ESTAT:ROAD_EQS_CARHAB(1.0),26/11/24 23:00:00,Annual,Number,North Macedonia,2019,205,
ESTAT:ROAD_EQS_CARHAB(1.0),26/11/24 23:00:00,Annual,Number,North Macedonia,2020,207,
ESTAT:ROAD_EQS_CARHAB(1.0),26/11/24 23:00:00,Annual,Number,North Macedonia,2021,260,b
ESTAT:ROAD_EQS_CARHAB(1.0),26/11/24 23:00:00,Annual,Number,North Macedonia,2022,264,
ESTAT:ROAD_EQS_CARHAB(1.0),26/11/24 23:00:00,Annual,Number,Malta,1990,302,
ESTAT:ROAD_EQS_CARHAB(1.0),26/11/24 23:00:00,Annual,Number,Malta,1991,333,
ESTAT:ROAD_EQS_CARHAB(1.0),26/11/24 23:00:00,Annual,Number,Malta,1992,338,
ESTAT:ROAD_EQS_CARHAB(1.0),26/11/24 23:00:00,Annual,Number,Malta,1993,409,
ESTAT:ROAD_EQS_CARHAB(1.0),26/11/24 23:00:00,Annual,Number,Malta,1994,453,
ESTAT:ROAD_EQS_CARHAB(1.0),26/11/24 23:00:00,Annual,Number,Malta,1995,478,
ESTAT:ROAD_EQS_CARHAB(1.0),26/11/24 23:00:00,Annual,Number,Malta,1996,436,
ESTAT:ROAD_EQS_CARHAB(1.0),26/11/24 23:00:00,Annual,Number,Malta,1997,478,
ESTAT:ROAD_EQS_CARHAB(1.0),26/11/24 23:00:00,Annual,Number,Malta,1998,450,
ESTAT:ROAD_EQS_CARHAB(1.0),26/11/24 23:00:00,Annual,Number,Malta,1999,470,
ESTAT:ROAD_EQS_CARHAB(1.0),26/11/24 23:00:00,Annual,Number,Malta,2000,483,
ESTAT:ROAD_EQS_CARHAB(1.0),26/11/24 23:00:00,Annual,Number,Malta,2001,495,
ESTAT:ROAD_EQS_CARHAB(1.0),26/11/24 23:00:00,Annual,Number,Malta,2002,508,
ESTAT:ROAD_EQS_CARHAB(1.0),26/11/24 23:00:00,Annual,Number,Malta,2005,525,
ESTAT:ROAD_EQS_CARHAB(1.0),26/11/24 23:00:00,Annual,Number,Malta,2006,537,
ESTAT:ROAD_EQS_CARHAB(1.0),26/11/24 23:00:00,Annual,Number,Malta,2007,549,
ESTAT:ROAD_EQS_CARHAB(1.0),26/11/24 23:00:00,Annual,Number,Malta,2008,558,
ESTAT:ROAD_EQS_CARHAB(1.0),26/11/24 23:00:00,Annual,Number,Malta,2009,566,
ESTAT:ROAD_EQS_CARHAB(1.0),26/11/24 23:00:00,Annual,Number,Malta,2010,581,
ESTAT:ROAD_EQS_CARHAB(1.0),26/11/24 23:00:00,Annual,Number,Malta,2011,592,
ESTAT:ROAD_EQS_CARHAB(1.0),26/11/24 23:00:00,Annual,Number,Malta,2012,591,
ESTAT:ROAD_EQS_CARHAB(1.0),26/11/24 23:00:00,Annual,Number,Malta,2013,598,
ESTAT:ROAD_EQS_CARHAB(1.0),26/11/24 23:00:00,Annual,Number,Malta,2014,606,
ESTAT:ROAD_EQS_CARHAB(1.0),26/11/24 23:00:00,Annual,Number,Malta,2015,612,
ESTAT:ROAD_EQS_CARHAB(1.0),26/11/24 23:00:00,Annual,Number,Malta,2016,616,
ESTAT:ROAD_EQS_CARHAB(1.0),26/11/24 23:00:00,Annual,Number,Malta,2017,615,
ESTAT:ROAD_EQS_CARHAB(1.0),26/11/24 23:00:00,Annual,Number,Malta,2018,609,
ESTAT:ROAD_EQS_CARHAB(1.0),26/11/24 23:00:00,Annual,Number,Malta,2019,597,
ESTAT:ROAD_EQS_CARHAB(1.0),26/11/24 23:00:00,Annual,Number,Malta,2020,597,
ESTAT:ROAD_EQS_CARHAB(1.0),26/11/24 23:00:00,Annual,Number,Malta,2021,602,
ESTAT:ROAD_EQS_CARHAB(1.0),26/11/24 23:00:00,Annual,Number,Malta,2022,585,
ESTAT:ROAD_EQS_CARHAB(1.0),26/11/24 23:00:00,Annual,Number,Malta,2023,575,
ESTAT:ROAD_EQS_CARHAB(1.0),26/11/24 23:00:00,Annual,Number,Netherlands,1990,367,
ESTAT:ROAD_EQS_CARHAB(1.0),26/11/24 23:00:00,Annual,Number,Netherlands,1991,368,
ESTAT:ROAD_EQS_CARHAB(1.0),26/11/24 23:00:00,Annual,Number,Netherlands,1992,371,
ESTAT:ROAD_EQS_CARHAB(1.0),26/11/24 23:00:00,Annual,Number,Netherlands,1993,356,
ESTAT:ROAD_EQS_CARHAB(1.0),26/11/24 23:00:00,Annual,Number,Netherlands,1994,362,
ESTAT:ROAD_EQS_CARHAB(1.0),26/11/24 23:00:00,Annual,Number,Netherlands,1995,366,
ESTAT:ROAD_EQS_CARHAB(1.0),26/11/24 23:00:00,Annual,Number,Netherlands,1996,373,
ESTAT:ROAD_EQS_CARHAB(1.0),26/11/24 23:00:00,Annual,Number,Netherlands,1997,379,
ESTAT:ROAD_EQS_CARHAB(1.0),26/11/24 23:00:00,Annual,Number,Netherlands,1998,388,
ESTAT:ROAD_EQS_CARHAB(1.0),26/11/24 23:00:00,Annual,Number,Netherlands,1999,400,
ESTAT:ROAD_EQS_CARHAB(1.0),26/11/24 23:00:00,Annual,Number,Netherlands,2000,409,
ESTAT:ROAD_EQS_CARHAB(1.0),26/11/24 23:00:00,Annual,Number,Netherlands,2001,417,
ESTAT:ROAD_EQS_CARHAB(1.0),26/11/24 23:00:00,Annual,Number,Netherlands,2002,423,
ESTAT:ROAD_EQS_CARHAB(1.0),26/11/24 23:00:00,Annual,Number,Netherlands,2003,425,
ESTAT:ROAD_EQS_CARHAB(1.0),26/11/24 23:00:00,Annual,Number,Netherlands,2004,429,
ESTAT:ROAD_EQS_CARHAB(1.0),26/11/24 23:00:00,Annual,Number,Netherlands,2005,434,
ESTAT:ROAD_EQS_CARHAB(1.0),26/11/24 23:00:00,Annual,Number,Netherlands,2006,442,
ESTAT:ROAD_EQS_CARHAB(1.0),26/11/24 23:00:00,Annual,Number,Netherlands,2007,451,
ESTAT:ROAD_EQS_CARHAB(1.0),26/11/24 23:00:00,Annual,Number,Netherlands,2008,457,
ESTAT:ROAD_EQS_CARHAB(1.0),26/11/24 23:00:00,Annual,Number,Netherlands,2009,460,
ESTAT:ROAD_EQS_CARHAB(1.0),26/11/24 23:00:00,Annual,Number,Netherlands,2010,464,
ESTAT:ROAD_EQS_CARHAB(1.0),26/11/24 23:00:00,Annual,Number,Netherlands,2011,470,
ESTAT:ROAD_EQS_CARHAB(1.0),26/11/24 23:00:00,Annual,Number,Netherlands,2012,472,
ESTAT:ROAD_EQS_CARHAB(1.0),26/11/24 23:00:00,Annual,Number,Netherlands,2013,471,
ESTAT:ROAD_EQS_CARHAB(1.0),26/11/24 23:00:00,Annual,Number,Netherlands,2014,472,
ESTAT:ROAD_EQS_CARHAB(1.0),26/11/24 23:00:00,Annual,Number,Netherlands,2015,477,
ESTAT:ROAD_EQS_CARHAB(1.0),26/11/24 23:00:00,Annual,Number,Netherlands,2016,481,
ESTAT:ROAD_EQS_CARHAB(1.0),26/11/24 23:00:00,Annual,Number,Netherlands,2017,487,
ESTAT:ROAD_EQS_CARHAB(1.0),26/11/24 23:00:00,Annual,Number,Netherlands,2018,489,
ESTAT:ROAD_EQS_CARHAB(1.0),26/11/24 23:00:00,Annual,Number,Netherlands,2019,493,
ESTAT:ROAD_EQS_CARHAB(1.0),26/11/24 23:00:00,Annual,Number,Netherlands,2020,497,
ESTAT:ROAD_EQS_CARHAB(1.0),26/11/24 23:00:00,Annual,Number,Netherlands,2021,502,
ESTAT:ROAD_EQS_CARHAB(1.0),26/11/24 23:00:00,Annual,Number,Netherlands,2022,501,
ESTAT:ROAD_EQS_CARHAB(1.0),26/11/24 23:00:00,Annual,Number,Netherlands,2023,498,s
ESTAT:ROAD_EQS_CARHAB(1.0),26/11/24 23:00:00,Annual,Number,Norway,1990,380,
ESTAT:ROAD_EQS_CARHAB(1.0),26/11/24 23:00:00,Annual,Number,Norway,1991,378,
ESTAT:ROAD_EQS_CARHAB(1.0),26/11/24 23:00:00,Annual,Number,Norway,1992,377,
ESTAT:ROAD_EQS_CARHAB(1.0),26/11/24 23:00:00,Annual,Number,Norway,1993,378,
ESTAT:ROAD_EQS_CARHAB(1.0),26/11/24 23:00:00,Annual,Number,Norway,1994,380,
ESTAT:ROAD_EQS_CARHAB(1.0),26/11/24 23:00:00,Annual,Number,Norway,1995,386,
ESTAT:ROAD_EQS_CARHAB(1.0),26/11/24 23:00:00,Annual,Number,Norway,1996,378,
ESTAT:ROAD_EQS_CARHAB(1.0),26/11/24 23:00:00,Annual,Number,Norway,1997,398,
ESTAT:ROAD_EQS_CARHAB(1.0),26/11/24 23:00:00,Annual,Number,Norway,1998,402,
ESTAT:ROAD_EQS_CARHAB(1.0),26/11/24 23:00:00,Annual,Number,Norway,1999,405,
ESTAT:ROAD_EQS_CARHAB(1.0),26/11/24 23:00:00,Annual,Number,Norway,2000,411,
ESTAT:ROAD_EQS_CARHAB(1.0),26/11/24 23:00:00,Annual,Number,Norway,2004,429,
ESTAT:ROAD_EQS_CARHAB(1.0),26/11/24 23:00:00,Annual,Number,Norway,2005,437,
ESTAT:ROAD_EQS_CARHAB(1.0),26/11/24 23:00:00,Annual,Number,Norway,2006,445,
ESTAT:ROAD_EQS_CARHAB(1.0),26/11/24 23:00:00,Annual,Number,Norway,2007,455,
ESTAT:ROAD_EQS_CARHAB(1.0),26/11/24 23:00:00,Annual,Number,Norway,2008,458,
ESTAT:ROAD_EQS_CARHAB(1.0),26/11/24 23:00:00,Annual,Number,Norway,2009,462,
ESTAT:ROAD_EQS_CARHAB(1.0),26/11/24 23:00:00,Annual,Number,Norway,2010,469,
ESTAT:ROAD_EQS_CARHAB(1.0),26/11/24 23:00:00,Annual,Number,Norway,2011,477,
ESTAT:ROAD_EQS_CARHAB(1.0),26/11/24 23:00:00,Annual,Number,Norway,2012,484,
ESTAT:ROAD_EQS_CARHAB(1.0),26/11/24 23:00:00,Annual,Number,Norway,2013,489,
ESTAT:ROAD_EQS_CARHAB(1.0),26/11/24 23:00:00,Annual,Number,Norway,2014,495,
ESTAT:ROAD_EQS_CARHAB(1.0),26/11/24 23:00:00,Annual,Number,Norway,2015,501,
ESTAT:ROAD_EQS_CARHAB(1.0),26/11/24 23:00:00,Annual,Number,Norway,2016,506,
ESTAT:ROAD_EQS_CARHAB(1.0),26/11/24 23:00:00,Annual,Number,Norway,2017,514,
ESTAT:ROAD_EQS_CARHAB(1.0),26/11/24 23:00:00,Annual,Number,Norway,2018,516,
ESTAT:ROAD_EQS_CARHAB(1.0),26/11/24 23:00:00,Annual,Number,Norway,2019,522,
ESTAT:ROAD_EQS_CARHAB(1.0),26/11/24 23:00:00,Annual,Number,Norway,2020,544,
ESTAT:ROAD_EQS_CARHAB(1.0),26/11/24 23:00:00,Annual,Number,Norway,2021,554,
ESTAT:ROAD_EQS_CARHAB(1.0),26/11/24 23:00:00,Annual,Number,Norway,2022,550,
ESTAT:ROAD_EQS_CARHAB(1.0),26/11/24 23:00:00,Annual,Number,Norway,2023,520,s
ESTAT:ROAD_EQS_CARHAB(1.0),26/11/24 23:00:00,Annual,Number,Poland,1990,138,
ESTAT:ROAD_EQS_CARHAB(1.0),26/11/24 23:00:00,Annual,Number,Poland,1991,160,
ESTAT:ROAD_EQS_CARHAB(1.0),26/11/24 23:00:00,Annual,Number,Poland,1992,169,
ESTAT:ROAD_EQS_CARHAB(1.0),26/11/24 23:00:00,Annual,Number,Poland,1993,176,
ESTAT:ROAD_EQS_CARHAB(1.0),26/11/24 23:00:00,Annual,Number,Poland,1994,185,
ESTAT:ROAD_EQS_CARHAB(1.0),26/11/24 23:00:00,Annual,Number,Poland,1995,195,
ESTAT:ROAD_EQS_CARHAB(1.0),26/11/24 23:00:00,Annual,Number,Poland,1996,208,
ESTAT:ROAD_EQS_CARHAB(1.0),26/11/24 23:00:00,Annual,Number,Poland,1997,221,
ESTAT:ROAD_EQS_CARHAB(1.0),26/11/24 23:00:00,Annual,Number,Poland,1998,230,
ESTAT:ROAD_EQS_CARHAB(1.0),26/11/24 23:00:00,Annual,Number,Poland,1999,243,
ESTAT:ROAD_EQS_CARHAB(1.0),26/11/24 23:00:00,Annual,Number,Poland,2000,261,
ESTAT:ROAD_EQS_CARHAB(1.0),26/11/24 23:00:00,Annual,Number,Poland,2001,275,
ESTAT:ROAD_EQS_CARHAB(1.0),26/11/24 23:00:00,Annual,Number,Poland,2002,289,
ESTAT:ROAD_EQS_CARHAB(1.0),26/11/24 23:00:00,Annual,Number,Poland,2003,294,
ESTAT:ROAD_EQS_CARHAB(1.0),26/11/24 23:00:00,Annual,Number,Poland,2004,314,
ESTAT:ROAD_EQS_CARHAB(1.0),26/11/24 23:00:00,Annual,Number,Poland,2005,323,
ESTAT:ROAD_EQS_CARHAB(1.0),26/11/24 23:00:00,Annual,Number,Poland,2006,351,
ESTAT:ROAD_EQS_CARHAB(1.0),26/11/24 23:00:00,Annual,Number,Poland,2007,383,
ESTAT:ROAD_EQS_CARHAB(1.0),26/11/24 23:00:00,Annual,Number,Poland,2008,422,
ESTAT:ROAD_EQS_CARHAB(1.0),26/11/24 23:00:00,Annual,Number,Poland,2009,434,b
ESTAT:ROAD_EQS_CARHAB(1.0),26/11/24 23:00:00,Annual,Number,Poland,2010,453,
ESTAT:ROAD_EQS_CARHAB(1.0),26/11/24 23:00:00,Annual,Number,Poland,2011,476,
ESTAT:ROAD_EQS_CARHAB(1.0),26/11/24 23:00:00,Annual,Number,Poland,2012,492,
ESTAT:ROAD_EQS_CARHAB(1.0),26/11/24 23:00:00,Annual,Number,Poland,2013,510,
ESTAT:ROAD_EQS_CARHAB(1.0),26/11/24 23:00:00,Annual,Number,Poland,2014,526,
ESTAT:ROAD_EQS_CARHAB(1.0),26/11/24 23:00:00,Annual,Number,Poland,2015,474,b
ESTAT:ROAD_EQS_CARHAB(1.0),26/11/24 23:00:00,Annual,Number,Poland,2016,493,s
ESTAT:ROAD_EQS_CARHAB(1.0),26/11/24 23:00:00,Annual,Number,Poland,2017,507,s
ESTAT:ROAD_EQS_CARHAB(1.0),26/11/24 23:00:00,Annual,Number,Poland,2018,524,s
ESTAT:ROAD_EQS_CARHAB(1.0),26/11/24 23:00:00,Annual,Number,Poland,2019,541,s
ESTAT:ROAD_EQS_CARHAB(1.0),26/11/24 23:00:00,Annual,Number,Poland,2020,566,b
ESTAT:ROAD_EQS_CARHAB(1.0),26/11/24 23:00:00,Annual,Number,Poland,2021,579,s
ESTAT:ROAD_EQS_CARHAB(1.0),26/11/24 23:00:00,Annual,Number,Poland,2022,584,s
ESTAT:ROAD_EQS_CARHAB(1.0),26/11/24 23:00:00,Annual,Number,Poland,2023,601,s
ESTAT:ROAD_EQS_CARHAB(1.0),26/11/24 23:00:00,Annual,Number,Portugal,1990,256,
ESTAT:ROAD_EQS_CARHAB(1.0),26/11/24 23:00:00,Annual,Number,Portugal,1991,279,
ESTAT:ROAD_EQS_CARHAB(1.0),26/11/24 23:00:00,Annual,Number,Portugal,1992,306,
ESTAT:ROAD_EQS_CARHAB(1.0),26/11/24 23:00:00,Annual,Number,Portugal,1993,330,
ESTAT:ROAD_EQS_CARHAB(1.0),26/11/24 23:00:00,Annual,Number,Portugal,1994,353,
ESTAT:ROAD_EQS_CARHAB(1.0),26/11/24 23:00:00,Annual,Number,Portugal,1995,373,
ESTAT:ROAD_EQS_CARHAB(1.0),26/11/24 23:00:00,Annual,Number,Portugal,1996,397,
ESTAT:ROAD_EQS_CARHAB(1.0),26/11/24 23:00:00,Annual,Number,Portugal,1997,422,
ESTAT:ROAD_EQS_CARHAB(1.0),26/11/24 23:00:00,Annual,Number,Portugal,1998,450,
ESTAT:ROAD_EQS_CARHAB(1.0),26/11/24 23:00:00,Annual,Number,Portugal,1999,481,
ESTAT:ROAD_EQS_CARHAB(1.0),26/11/24 23:00:00,Annual,Number,Portugal,2000,509,
ESTAT:ROAD_EQS_CARHAB(1.0),26/11/24 23:00:00,Annual,Number,Portugal,2001,533,
ESTAT:ROAD_EQS_CARHAB(1.0),26/11/24 23:00:00,Annual,Number,Portugal,2002,554,
ESTAT:ROAD_EQS_CARHAB(1.0),26/11/24 23:00:00,Annual,Number,Portugal,2010,444,
ESTAT:ROAD_EQS_CARHAB(1.0),26/11/24 23:00:00,Annual,Number,Portugal,2011,447,
ESTAT:ROAD_EQS_CARHAB(1.0),26/11/24 23:00:00,Annual,Number,Portugal,2012,406,
ESTAT:ROAD_EQS_CARHAB(1.0),26/11/24 23:00:00,Annual,Number,Portugal,2013,414,
ESTAT:ROAD_EQS_CARHAB(1.0),26/11/24 23:00:00,Annual,Number,Portugal,2014,452,
ESTAT:ROAD_EQS_CARHAB(1.0),26/11/24 23:00:00,Annual,Number,Portugal,2015,456,
ESTAT:ROAD_EQS_CARHAB(1.0),26/11/24 23:00:00,Annual,Number,Portugal,2016,469,
ESTAT:ROAD_EQS_CARHAB(1.0),26/11/24 23:00:00,Annual,Number,Portugal,2017,490,
ESTAT:ROAD_EQS_CARHAB(1.0),26/11/24 23:00:00,Annual,Number,Portugal,2018,511,
ESTAT:ROAD_EQS_CARHAB(1.0),26/11/24 23:00:00,Annual,Number,Portugal,2019,525,
ESTAT:ROAD_EQS_CARHAB(1.0),26/11/24 23:00:00,Annual,Number,Portugal,2020,535,
ESTAT:ROAD_EQS_CARHAB(1.0),26/11/24 23:00:00,Annual,Number,Portugal,2021,541,
ESTAT:ROAD_EQS_CARHAB(1.0),26/11/24 23:00:00,Annual,Number,Portugal,2022,549,
ESTAT:ROAD_EQS_CARHAB(1.0),26/11/24 23:00:00,Annual,Number,Portugal,2023,558,p
ESTAT:ROAD_EQS_CARHAB(1.0),26/11/24 23:00:00,Annual,Number,Romania,1990,54,
ESTAT:ROAD_EQS_CARHAB(1.0),26/11/24 23:00:00,Annual,Number,Romania,1991,63,
ESTAT:ROAD_EQS_CARHAB(1.0),26/11/24 23:00:00,Annual,Number,Romania,1992,70,
ESTAT:ROAD_EQS_CARHAB(1.0),26/11/24 23:00:00,Annual,Number,Romania,1993,79,
ESTAT:ROAD_EQS_CARHAB(1.0),26/11/24 23:00:00,Annual,Number,Romania,1994,89,
ESTAT:ROAD_EQS_CARHAB(1.0),26/11/24 23:00:00,Annual,Number,Romania,1995,97,
ESTAT:ROAD_EQS_CARHAB(1.0),26/11/24 23:00:00,Annual,Number,Romania,1996,106,
ESTAT:ROAD_EQS_CARHAB(1.0),26/11/24 23:00:00,Annual,Number,Romania,1997,116,
ESTAT:ROAD_EQS_CARHAB(1.0),26/11/24 23:00:00,Annual,Number,Romania,1998,125,
ESTAT:ROAD_EQS_CARHAB(1.0),26/11/24 23:00:00,Annual,Number,Romania,1999,133,
ESTAT:ROAD_EQS_CARHAB(1.0),26/11/24 23:00:00,Annual,Number,Romania,2000,139,
ESTAT:ROAD_EQS_CARHAB(1.0),26/11/24 23:00:00,Annual,Number,Romania,2001,148,
ESTAT:ROAD_EQS_CARHAB(1.0),26/11/24 23:00:00,Annual,Number,Romania,2002,137,
ESTAT:ROAD_EQS_CARHAB(1.0),26/11/24 23:00:00,Annual,Number,Romania,2004,151,
ESTAT:ROAD_EQS_CARHAB(1.0),26/11/24 23:00:00,Annual,Number,Romania,2005,158,
ESTAT:ROAD_EQS_CARHAB(1.0),26/11/24 23:00:00,Annual,Number,Romania,2006,152,
ESTAT:ROAD_EQS_CARHAB(1.0),26/11/24 23:00:00,Annual,Number,Romania,2007,172,
ESTAT:ROAD_EQS_CARHAB(1.0),26/11/24 23:00:00,Annual,Number,Romania,2008,197,
ESTAT:ROAD_EQS_CARHAB(1.0),26/11/24 23:00:00,Annual,Number,Romania,2009,209,
ESTAT:ROAD_EQS_CARHAB(1.0),26/11/24 23:00:00,Annual,Number,Romania,2010,214,
ESTAT:ROAD_EQS_CARHAB(1.0),26/11/24 23:00:00,Annual,Number,Romania,2011,216,
ESTAT:ROAD_EQS_CARHAB(1.0),26/11/24 23:00:00,Annual,Number,Romania,2012,224,
ESTAT:ROAD_EQS_CARHAB(1.0),26/11/24 23:00:00,Annual,Number,Romania,2013,235,
ESTAT:ROAD_EQS_CARHAB(1.0),26/11/24 23:00:00,Annual,Number,Romania,2014,247,
ESTAT:ROAD_EQS_CARHAB(1.0),26/11/24 23:00:00,Annual,Number,Romania,2015,261,
ESTAT:ROAD_EQS_CARHAB(1.0),26/11/24 23:00:00,Annual,Number,Romania,2016,279,
ESTAT:ROAD_EQS_CARHAB(1.0),26/11/24 23:00:00,Annual,Number,Romania,2017,307,
ESTAT:ROAD_EQS_CARHAB(1.0),26/11/24 23:00:00,Annual,Number,Romania,2018,332,
ESTAT:ROAD_EQS_CARHAB(1.0),26/11/24 23:00:00,Annual,Number,Romania,2019,357,e
ESTAT:ROAD_EQS_CARHAB(1.0),26/11/24 23:00:00,Annual,Number,Romania,2020,379,
ESTAT:ROAD_EQS_CARHAB(1.0),26/11/24 23:00:00,Annual,Number,Romania,2021,400,e
ESTAT:ROAD_EQS_CARHAB(1.0),26/11/24 23:00:00,Annual,Number,Romania,2022,413,e
ESTAT:ROAD_EQS_CARHAB(1.0),26/11/24 23:00:00,Annual,Number,Romania,2023,425,e
ESTAT:ROAD_EQS_CARHAB(1.0),26/11/24 23:00:00,Annual,Number,Serbia,2006,204,
ESTAT:ROAD_EQS_CARHAB(1.0),26/11/24 23:00:00,Annual,Number,Serbia,2007,201,
ESTAT:ROAD_EQS_CARHAB(1.0),26/11/24 23:00:00,Annual,Number,Serbia,2008,203,
ESTAT:ROAD_EQS_CARHAB(1.0),26/11/24 23:00:00,Annual,Number,Serbia,2009,225,
ESTAT:ROAD_EQS_CARHAB(1.0),26/11/24 23:00:00,Annual,Number,Serbia,2010,216,b
ESTAT:ROAD_EQS_CARHAB(1.0),26/11/24 23:00:00,Annual,Number,Serbia,2015,259,
ESTAT:ROAD_EQS_CARHAB(1.0),26/11/24 23:00:00,Annual,Number,Serbia,2016,268,
ESTAT:ROAD_EQS_CARHAB(1.0),26/11/24 23:00:00,Annual,Number,Serbia,2017,281,
ESTAT:ROAD_EQS_CARHAB(1.0),26/11/24 23:00:00,Annual,Number,Serbia,2018,287,
ESTAT:ROAD_EQS_CARHAB(1.0),26/11/24 23:00:00,Annual,Number,Serbia,2019,301,
ESTAT:ROAD_EQS_CARHAB(1.0),26/11/24 23:00:00,Annual,Number,Serbia,2020,315,
ESTAT:ROAD_EQS_CARHAB(1.0),26/11/24 23:00:00,Annual,Number,Serbia,2021,329,
ESTAT:ROAD_EQS_CARHAB(1.0),26/11/24 23:00:00,Annual,Number,Serbia,2022,352,b
ESTAT:ROAD_EQS_CARHAB(1.0),26/11/24 23:00:00,Annual,Number,Serbia,2023,362,
ESTAT:ROAD_EQS_CARHAB(1.0),26/11/24 23:00:00,Annual,Number,Sweden,1990,419,
ESTAT:ROAD_EQS_CARHAB(1.0),26/11/24 23:00:00,Annual,Number,Sweden,1991,419,
ESTAT:ROAD_EQS_CARHAB(1.0),26/11/24 23:00:00,Annual,Number,Sweden,1992,413,
ESTAT:ROAD_EQS_CARHAB(1.0),26/11/24 23:00:00,Annual,Number,Sweden,1993,408,
ESTAT:ROAD_EQS_CARHAB(1.0),26/11/24 23:00:00,Annual,Number,Sweden,1994,408,
ESTAT:ROAD_EQS_CARHAB(1.0),26/11/24 23:00:00,Annual,Number,Sweden,1995,411,
ESTAT:ROAD_EQS_CARHAB(1.0),26/11/24 23:00:00,Annual,Number,Sweden,1996,413,
ESTAT:ROAD_EQS_CARHAB(1.0),26/11/24 23:00:00,Annual,Number,Sweden,1997,418,
ESTAT:ROAD_EQS_CARHAB(1.0),26/11/24 23:00:00,Annual,Number,Sweden,1998,428,
ESTAT:ROAD_EQS_CARHAB(1.0),26/11/24 23:00:00,Annual,Number,Sweden,1999,439,
ESTAT:ROAD_EQS_CARHAB(1.0),26/11/24 23:00:00,Annual,Number,Sweden,2000,450,
ESTAT:ROAD_EQS_CARHAB(1.0),26/11/24 23:00:00,Annual,Number,Sweden,2001,451,
ESTAT:ROAD_EQS_CARHAB(1.0),26/11/24 23:00:00,Annual,Number,Sweden,2002,452,
ESTAT:ROAD_EQS_CARHAB(1.0),26/11/24 23:00:00,Annual,Number,Sweden,2003,454,
ESTAT:ROAD_EQS_CARHAB(1.0),26/11/24 23:00:00,Annual,Number,Sweden,2004,456,
ESTAT:ROAD_EQS_CARHAB(1.0),26/11/24 23:00:00,Annual,Number,Sweden,2005,459,
ESTAT:ROAD_EQS_CARHAB(1.0),26/11/24 23:00:00,Annual,Number,Sweden,2006,461,
ESTAT:ROAD_EQS_CARHAB(1.0),26/11/24 23:00:00,Annual,Number,Sweden,2007,464,
ESTAT:ROAD_EQS_CARHAB(1.0),26/11/24 23:00:00,Annual,Number,Sweden,2008,462,
ESTAT:ROAD_EQS_CARHAB(1.0),26/11/24 23:00:00,Annual,Number,Sweden,2009,460,
ESTAT:ROAD_EQS_CARHAB(1.0),26/11/24 23:00:00,Annual,Number,Sweden,2010,460,
ESTAT:ROAD_EQS_CARHAB(1.0),26/11/24 23:00:00,Annual,Number,Sweden,2011,464,
ESTAT:ROAD_EQS_CARHAB(1.0),26/11/24 23:00:00,Annual,Number,Sweden,2012,465,
ESTAT:ROAD_EQS_CARHAB(1.0),26/11/24 23:00:00,Annual,Number,Sweden,2013,466,
ESTAT:ROAD_EQS_CARHAB(1.0),26/11/24 23:00:00,Annual,Number,Sweden,2014,470,
ESTAT:ROAD_EQS_CARHAB(1.0),26/11/24 23:00:00,Annual,Number,Sweden,2015,474,
ESTAT:ROAD_EQS_CARHAB(1.0),26/11/24 23:00:00,Annual,Number,Sweden,2016,477,
ESTAT:ROAD_EQS_CARHAB(1.0),26/11/24 23:00:00,Annual,Number,Sweden,2017,479,
ESTAT:ROAD_EQS_CARHAB(1.0),26/11/24 23:00:00,Annual,Number,Sweden,2018,476,
ESTAT:ROAD_EQS_CARHAB(1.0),26/11/24 23:00:00,Annual,Number,Sweden,2019,473,
ESTAT:ROAD_EQS_CARHAB(1.0),26/11/24 23:00:00,Annual,Number,Sweden,2020,476,
ESTAT:ROAD_EQS_CARHAB(1.0),26/11/24 23:00:00,Annual,Number,Sweden,2021,477,
ESTAT:ROAD_EQS_CARHAB(1.0),26/11/24 23:00:00,Annual,Number,Sweden,2022,473,
ESTAT:ROAD_EQS_CARHAB(1.0),26/11/24 23:00:00,Annual,Number,Sweden,2023,472,
ESTAT:ROAD_EQS_CARHAB(1.0),26/11/24 23:00:00,Annual,Number,Slovenia,1990,289,
ESTAT:ROAD_EQS_CARHAB(1.0),26/11/24 23:00:00,Annual,Number,Slovenia,1991,297,
ESTAT:ROAD_EQS_CARHAB(1.0),26/11/24 23:00:00,Annual,Number,Slovenia,1992,304,
ESTAT:ROAD_EQS_CARHAB(1.0),26/11/24 23:00:00,Annual,Number,Slovenia,1993,318,
ESTAT:ROAD_EQS_CARHAB(1.0),26/11/24 23:00:00,Annual,Number,Slovenia,1994,330,
ESTAT:ROAD_EQS_CARHAB(1.0),26/11/24 23:00:00,Annual,Number,Slovenia,1995,351,
ESTAT:ROAD_EQS_CARHAB(1.0),26/11/24 23:00:00,Annual,Number,Slovenia,1996,366,
ESTAT:ROAD_EQS_CARHAB(1.0),26/11/24 23:00:00,Annual,Number,Slovenia,1997,392,
ESTAT:ROAD_EQS_CARHAB(1.0),26/11/24 23:00:00,Annual,Number,Slovenia,1998,411,
ESTAT:ROAD_EQS_CARHAB(1.0),26/11/24 23:00:00,Annual,Number,Slovenia,1999,427,
ESTAT:ROAD_EQS_CARHAB(1.0),26/11/24 23:00:00,Annual,Number,Slovenia,2000,437,
ESTAT:ROAD_EQS_CARHAB(1.0),26/11/24 23:00:00,Annual,Number,Slovenia,2001,444,
ESTAT:ROAD_EQS_CARHAB(1.0),26/11/24 23:00:00,Annual,Number,Slovenia,2002,458,
ESTAT:ROAD_EQS_CARHAB(1.0),26/11/24 23:00:00,Annual,Number,Slovenia,2003,446,
ESTAT:ROAD_EQS_CARHAB(1.0),26/11/24 23:00:00,Annual,Number,Slovenia,2004,456,
ESTAT:ROAD_EQS_CARHAB(1.0),26/11/24 23:00:00,Annual,Number,Slovenia,2005,479,
ESTAT:ROAD_EQS_CARHAB(1.0),26/11/24 23:00:00,Annual,Number,Slovenia,2006,487,
ESTAT:ROAD_EQS_CARHAB(1.0),26/11/24 23:00:00,Annual,Number,Slovenia,2007,504,
ESTAT:ROAD_EQS_CARHAB(1.0),26/11/24 23:00:00,Annual,Number,Slovenia,2008,514,
ESTAT:ROAD_EQS_CARHAB(1.0),26/11/24 23:00:00,Annual,Number,Slovenia,2009,517,
ESTAT:ROAD_EQS_CARHAB(1.0),26/11/24 23:00:00,Annual,Number,Slovenia,2010,518,
ESTAT:ROAD_EQS_CARHAB(1.0),26/11/24 23:00:00,Annual,Number,Slovenia,2011,519,
ESTAT:ROAD_EQS_CARHAB(1.0),26/11/24 23:00:00,Annual,Number,Slovenia,2012,518,
ESTAT:ROAD_EQS_CARHAB(1.0),26/11/24 23:00:00,Annual,Number,Slovenia,2013,518,
ESTAT:ROAD_EQS_CARHAB(1.0),26/11/24 23:00:00,Annual,Number,Slovenia,2014,518,
ESTAT:ROAD_EQS_CARHAB(1.0),26/11/24 23:00:00,Annual,Number,Slovenia,2015,523,
ESTAT:ROAD_EQS_CARHAB(1.0),26/11/24 23:00:00,Annual,Number,Slovenia,2016,531,
ESTAT:ROAD_EQS_CARHAB(1.0),26/11/24 23:00:00,Annual,Number,Slovenia,2017,541,
ESTAT:ROAD_EQS_CARHAB(1.0),26/11/24 23:00:00,Annual,Number,Slovenia,2018,549,
ESTAT:ROAD_EQS_CARHAB(1.0),26/11/24 23:00:00,Annual,Number,Slovenia,2019,556,
ESTAT:ROAD_EQS_CARHAB(1.0),26/11/24 23:00:00,Annual,Number,Slovenia,2020,555,
ESTAT:ROAD_EQS_CARHAB(1.0),26/11/24 23:00:00,Annual,Number,Slovenia,2021,564,
ESTAT:ROAD_EQS_CARHAB(1.0),26/11/24 23:00:00,Annual,Number,Slovenia,2022,571,
ESTAT:ROAD_EQS_CARHAB(1.0),26/11/24 23:00:00,Annual,Number,Slovenia,2023,579,
ESTAT:ROAD_EQS_CARHAB(1.0),26/11/24 23:00:00,Annual,Number,Slovakia,1990,240,
ESTAT:ROAD_EQS_CARHAB(1.0),26/11/24 23:00:00,Annual,Number,Slovakia,1991,171,
ESTAT:ROAD_EQS_CARHAB(1.0),26/11/24 23:00:00,Annual,Number,Slovakia,1992,179,
ESTAT:ROAD_EQS_CARHAB(1.0),26/11/24 23:00:00,Annual,Number,Slovakia,1993,186,
ESTAT:ROAD_EQS_CARHAB(1.0),26/11/24 23:00:00,Annual,Number,Slovakia,1994,186,
ESTAT:ROAD_EQS_CARHAB(1.0),26/11/24 23:00:00,Annual,Number,Slovakia,1995,189,
ESTAT:ROAD_EQS_CARHAB(1.0),26/11/24 23:00:00,Annual,Number,Slovakia,1996,197,
ESTAT:ROAD_EQS_CARHAB(1.0),26/11/24 23:00:00,Annual,Number,Slovakia,1997,211,
ESTAT:ROAD_EQS_CARHAB(1.0),26/11/24 23:00:00,Annual,Number,Slovakia,1998,222,
ESTAT:ROAD_EQS_CARHAB(1.0),26/11/24 23:00:00,Annual,Number,Slovakia,1999,229,
ESTAT:ROAD_EQS_CARHAB(1.0),26/11/24 23:00:00,Annual,Number,Slovakia,2000,237,
ESTAT:ROAD_EQS_CARHAB(1.0),26/11/24 23:00:00,Annual,Number,Slovakia,2001,240,
ESTAT:ROAD_EQS_CARHAB(1.0),26/11/24 23:00:00,Annual,Number,Slovakia,2002,247,
ESTAT:ROAD_EQS_CARHAB(1.0),26/11/24 23:00:00,Annual,Number,Slovakia,2003,252,
ESTAT:ROAD_EQS_CARHAB(1.0),26/11/24 23:00:00,Annual,Number,Slovakia,2004,223,
ESTAT:ROAD_EQS_CARHAB(1.0),26/11/24 23:00:00,Annual,Number,Slovakia,2005,243,
ESTAT:ROAD_EQS_CARHAB(1.0),26/11/24 23:00:00,Annual,Number,Slovakia,2006,248,
ESTAT:ROAD_EQS_CARHAB(1.0),26/11/24 23:00:00,Annual,Number,Slovakia,2007,267,
ESTAT:ROAD_EQS_CARHAB(1.0),26/11/24 23:00:00,Annual,Number,Slovakia,2008,287,
ESTAT:ROAD_EQS_CARHAB(1.0),26/11/24 23:00:00,Annual,Number,Slovakia,2009,295,
ESTAT:ROAD_EQS_CARHAB(1.0),26/11/24 23:00:00,Annual,Number,Slovakia,2010,310,
ESTAT:ROAD_EQS_CARHAB(1.0),26/11/24 23:00:00,Annual,Number,Slovakia,2011,324,
ESTAT:ROAD_EQS_CARHAB(1.0),26/11/24 23:00:00,Annual,Number,Slovakia,2012,337,
ESTAT:ROAD_EQS_CARHAB(1.0),26/11/24 23:00:00,Annual,Number,Slovakia,2013,347,
ESTAT:ROAD_EQS_CARHAB(1.0),26/11/24 23:00:00,Annual,Number,Slovakia,2014,360,
ESTAT:ROAD_EQS_CARHAB(1.0),26/11/24 23:00:00,Annual,Number,Slovakia,2015,375,
ESTAT:ROAD_EQS_CARHAB(1.0),26/11/24 23:00:00,Annual,Number,Slovakia,2016,390,
ESTAT:ROAD_EQS_CARHAB(1.0),26/11/24 23:00:00,Annual,Number,Slovakia,2017,408,
ESTAT:ROAD_EQS_CARHAB(1.0),26/11/24 23:00:00,Annual,Number,Slovakia,2018,426,
ESTAT:ROAD_EQS_CARHAB(1.0),26/11/24 23:00:00,Annual,Number,Slovakia,2019,439,
ESTAT:ROAD_EQS_CARHAB(1.0),26/11/24 23:00:00,Annual,Number,Slovakia,2020,447,
ESTAT:ROAD_EQS_CARHAB(1.0),26/11/24 23:00:00,Annual,Number,Slovakia,2021,459,
ESTAT:ROAD_EQS_CARHAB(1.0),26/11/24 23:00:00,Annual,Number,Slovakia,2022,471,
ESTAT:ROAD_EQS_CARHAB(1.0),26/11/24 23:00:00,Annual,Number,Slovakia,2023,487,
ESTAT:ROAD_EQS_CARHAB(1.0),26/11/24 23:00:00,Annual,Number,Trkiye,1990,29,
ESTAT:ROAD_EQS_CARHAB(1.0),26/11/24 23:00:00,Annual,Number,Trkiye,1991,32,
ESTAT:ROAD_EQS_CARHAB(1.0),26/11/24 23:00:00,Annual,Number,Trkiye,1992,37,
ESTAT:ROAD_EQS_CARHAB(1.0),26/11/24 23:00:00,Annual,Number,Trkiye,1993,44,
ESTAT:ROAD_EQS_CARHAB(1.0),26/11/24 23:00:00,Annual,Number,Trkiye,1994,47,
ESTAT:ROAD_EQS_CARHAB(1.0),26/11/24 23:00:00,Annual,Number,Trkiye,1995,49,
ESTAT:ROAD_EQS_CARHAB(1.0),26/11/24 23:00:00,Annual,Number,Trkiye,1996,52,
ESTAT:ROAD_EQS_CARHAB(1.0),26/11/24 23:00:00,Annual,Number,Trkiye,1997,55,
ESTAT:ROAD_EQS_CARHAB(1.0),26/11/24 23:00:00,Annual,Number,Trkiye,1998,58,
ESTAT:ROAD_EQS_CARHAB(1.0),26/11/24 23:00:00,Annual,Number,Trkiye,1999,61,
ESTAT:ROAD_EQS_CARHAB(1.0),26/11/24 23:00:00,Annual,Number,Trkiye,2000,68,
ESTAT:ROAD_EQS_CARHAB(1.0),26/11/24 23:00:00,Annual,Number,Trkiye,2001,69,
ESTAT:ROAD_EQS_CARHAB(1.0),26/11/24 23:00:00,Annual,Number,Trkiye,2002,69,
ESTAT:ROAD_EQS_CARHAB(1.0),26/11/24 23:00:00,Annual,Number,Trkiye,2003,70,
ESTAT:ROAD_EQS_CARHAB(1.0),26/11/24 23:00:00,Annual,Number,Trkiye,2004,79,
ESTAT:ROAD_EQS_CARHAB(1.0),26/11/24 23:00:00,Annual,Number,Trkiye,2005,84,
ESTAT:ROAD_EQS_CARHAB(1.0),26/11/24 23:00:00,Annual,Number,Trkiye,2006,88,
ESTAT:ROAD_EQS_CARHAB(1.0),26/11/24 23:00:00,Annual,Number,Trkiye,2007,92,
ESTAT:ROAD_EQS_CARHAB(1.0),26/11/24 23:00:00,Annual,Number,Trkiye,2008,95,
ESTAT:ROAD_EQS_CARHAB(1.0),26/11/24 23:00:00,Annual,Number,Trkiye,2009,98,
ESTAT:ROAD_EQS_CARHAB(1.0),26/11/24 23:00:00,Annual,Number,Trkiye,2010,102,
ESTAT:ROAD_EQS_CARHAB(1.0),26/11/24 23:00:00,Annual,Number,Trkiye,2011,109,
ESTAT:ROAD_EQS_CARHAB(1.0),26/11/24 23:00:00,Annual,Number,Trkiye,2012,114,
ESTAT:ROAD_EQS_CARHAB(1.0),26/11/24 23:00:00,Annual,Number,Trkiye,2013,121,
ESTAT:ROAD_EQS_CARHAB(1.0),26/11/24 23:00:00,Annual,Number,Trkiye,2014,127,
ESTAT:ROAD_EQS_CARHAB(1.0),26/11/24 23:00:00,Annual,Number,Trkiye,2015,134,
ESTAT:ROAD_EQS_CARHAB(1.0),26/11/24 23:00:00,Annual,Number,Trkiye,2016,142,
ESTAT:ROAD_EQS_CARHAB(1.0),26/11/24 23:00:00,Annual,Number,Trkiye,2017,149,
ESTAT:ROAD_EQS_CARHAB(1.0),26/11/24 23:00:00,Annual,Number,Trkiye,2018,151,be
ESTAT:ROAD_EQS_CARHAB(1.0),26/11/24 23:00:00,Annual,Number,Trkiye,2019,150,
ESTAT:ROAD_EQS_CARHAB(1.0),26/11/24 23:00:00,Annual,Number,Trkiye,2020,157,
ESTAT:ROAD_EQS_CARHAB(1.0),26/11/24 23:00:00,Annual,Number,Trkiye,2021,162,
ESTAT:ROAD_EQS_CARHAB(1.0),26/11/24 23:00:00,Annual,Number,Trkiye,2022,167,
ESTAT:ROAD_EQS_CARHAB(1.0),26/11/24 23:00:00,Annual,Number,Trkiye,2023,178,
ESTAT:ROAD_EQS_CARHAB(1.0),26/11/24 23:00:00,Annual,Number,Ukraine,2014,,z
ESTAT:ROAD_EQS_CARHAB(1.0),26/11/24 23:00:00,Annual,Number,Ukraine,2020,,z
ESTAT:ROAD_EQS_CARHAB(1.0),26/11/24 23:00:00,Annual,Number,Ukraine,2021,,z
ESTAT:ROAD_EQS_CARHAB(1.0),26/11/24 23:00:00,Annual,Number,Ukraine,2022,,z
ESTAT:ROAD_EQS_CARHAB(1.0),26/11/24 23:00:00,Annual,Number,United Kingdom,1990,361,
ESTAT:ROAD_EQS_CARHAB(1.0),26/11/24 23:00:00,Annual,Number,United Kingdom,1991,361,
ESTAT:ROAD_EQS_CARHAB(1.0),26/11/24 23:00:00,Annual,Number,United Kingdom,1992,364,
ESTAT:ROAD_EQS_CARHAB(1.0),26/11/24 23:00:00,Annual,Number,United Kingdom,1993,368,
ESTAT:ROAD_EQS_CARHAB(1.0),26/11/24 23:00:00,Annual,Number,United Kingdom,1994,375,
ESTAT:ROAD_EQS_CARHAB(1.0),26/11/24 23:00:00,Annual,Number,United Kingdom,1995,378,
ESTAT:ROAD_EQS_CARHAB(1.0),26/11/24 23:00:00,Annual,Number,United Kingdom,1996,392,
ESTAT:ROAD_EQS_CARHAB(1.0),26/11/24 23:00:00,Annual,Number,United Kingdom,1997,402,
ESTAT:ROAD_EQS_CARHAB(1.0),26/11/24 23:00:00,Annual,Number,United Kingdom,1998,408,
ESTAT:ROAD_EQS_CARHAB(1.0),26/11/24 23:00:00,Annual,Number,United Kingdom,1999,419,
ESTAT:ROAD_EQS_CARHAB(1.0),26/11/24 23:00:00,Annual,Number,United Kingdom,2000,425,
ESTAT:ROAD_EQS_CARHAB(1.0),26/11/24 23:00:00,Annual,Number,United Kingdom,2001,435,
ESTAT:ROAD_EQS_CARHAB(1.0),26/11/24 23:00:00,Annual,Number,United Kingdom,2002,445,
ESTAT:ROAD_EQS_CARHAB(1.0),26/11/24 23:00:00,Annual,Number,United Kingdom,2003,451,
ESTAT:ROAD_EQS_CARHAB(1.0),26/11/24 23:00:00,Annual,Number,United Kingdom,2004,461,
ESTAT:ROAD_EQS_CARHAB(1.0),26/11/24 23:00:00,Annual,Number,United Kingdom,2005,467,
ESTAT:ROAD_EQS_CARHAB(1.0),26/11/24 23:00:00,Annual,Number,United Kingdom,2006,456,
ESTAT:ROAD_EQS_CARHAB(1.0),26/11/24 23:00:00,Annual,Number,United Kingdom,2007,458,
ESTAT:ROAD_EQS_CARHAB(1.0),26/11/24 23:00:00,Annual,Number,United Kingdom,2008,458,
ESTAT:ROAD_EQS_CARHAB(1.0),26/11/24 23:00:00,Annual,Number,United Kingdom,2009,452,
ESTAT:ROAD_EQS_CARHAB(1.0),26/11/24 23:00:00,Annual,Number,United Kingdom,2010,451,
ESTAT:ROAD_EQS_CARHAB(1.0),26/11/24 23:00:00,Annual,Number,United Kingdom,2011,448,
ESTAT:ROAD_EQS_CARHAB(1.0),26/11/24 23:00:00,Annual,Number,United Kingdom,2012,449,
ESTAT:ROAD_EQS_CARHAB(1.0),26/11/24 23:00:00,Annual,Number,United Kingdom,2015,463,
ESTAT:ROAD_EQS_CARHAB(1.0),26/11/24 23:00:00,Annual,Number,United Kingdom,2016,469,
ESTAT:ROAD_EQS_CARHAB(1.0),26/11/24 23:00:00,Annual,Number,United Kingdom,2017,471,
ESTAT:ROAD_EQS_CARHAB(1.0),26/11/24 23:00:00,Annual,Number,United Kingdom,2018,473,
ESTAT:ROAD_EQS_CARHAB(1.0),26/11/24 23:00:00,Annual,Number,United Kingdom,2020,,z
ESTAT:ROAD_EQS_CARHAB(1.0),26/11/24 23:00:00,Annual,Number,United Kingdom,2021,476,s
ESTAT:ROAD_EQS_CARHAB(1.0),26/11/24 23:00:00,Annual,Number,United Kingdom,2022,480,s
ESTAT:ROAD_EQS_CARHAB(1.0),26/11/24 23:00:00,Annual,Number,Kosovo*,2013,122,e
ESTAT:ROAD_EQS_CARHAB(1.0),26/11/24 23:00:00,Annual,Number,Kosovo*,2014,131,e
ESTAT:ROAD_EQS_CARHAB(1.0),26/11/24 23:00:00,Annual,Number,Kosovo*,2015,159,e
ESTAT:ROAD_EQS_CARHAB(1.0),26/11/24 23:00:00,Annual,Number,Kosovo*,2016,146,e
ESTAT:ROAD_EQS_CARHAB(1.0),26/11/24 23:00:00,Annual,Number,Kosovo*,2017,94,
ESTAT:ROAD_EQS_CARHAB(1.0),26/11/24 23:00:00,Annual,Number,Kosovo*,2018,143,
ESTAT:ROAD_EQS_CARHAB(1.0),26/11/24 23:00:00,Annual,Number,Kosovo*,2019,174,
ESTAT:ROAD_EQS_CARHAB(1.0),26/11/24 23:00:00,Annual,Number,Kosovo*,2020,163,
ESTAT:ROAD_EQS_CARHAB(1.0),26/11/24 23:00:00,Annual,Number,Kosovo*,2021,182,
ESTAT:ROAD_EQS_CARHAB(1.0),26/11/24 23:00:00,Annual,Number,Kosovo*,2022,191,s
ESTAT:ROAD_EQS_CARHAB(1.0),26/11/24 23:00:00,Annual,Number,Kosovo*,2023,205,s
